Strain,Experiment,Source,Mouse,Vaccination_status,Lung_CFU,Spleen_CFU,Cell number,CD3_prestim,CD4_prestim,CD8_prestim,CD4neg_CD8neg_prestim,CD3neg_prestim,CD4_Tbet,CD4_Foxp3,CD4_RoRgt,CD4_Tbet_RoRgt,CD4_CD11a,CD4_aCD3_IFNg,CD4_p300_IFNg,CD4_media3_IFNg,CD8_aCD3_IFNg,CD8_p300_IFNg,CD8_media3_IFNg,CD4_aCD3_TNF,CD4_p300_TNF,CD4_media_TNF,CD4_aCD3_IL2,CD4_p300_IL2,CD4_media_IL2,CD4_aCD3_IL17,CD4_p300_IL17,CD4_media_IL17,CD4_aCD3_IFNg_IL17,CD4_p300_IFNg_IL17,CD4_media_IFNg_IL17,CD4_aCD3_IFNg_TNF_IL2,CD4_p300_IFNg_TNF_IL2,CD4_media_IFNg_TNF_IL2,CD4_aCD3_TNF_IL2,CD4_p300_TNF_IL2,CD4_media_TNF_IL2
CC032,RL-03,UNC,1,0,6.093421685,4.819543936,26672268.91,0.259,0.713,0.0687,0.0295,0.717,0.287,0.0297,0.0085,0.0033,0.22,0.232,0.053,0.0202,0.29,0.129,0.0124,0.0566,0.0215,0.0185,0.0257,0.006,0.0076,0.0299,0.0081,0.0065,0.0117,0.002,0,0.0094,0.002,0,0.0196,0.004,0.0016
CC032,RL-03,UNC,2,0,5.954242509,2.954242509,15882352.94,0.325,0.714,0.0577,0.034,0.656,0.228,0.0346,0.0151,0.0023,0.268,0.135,0.0259,0.0114,0.152,0.0241,0.0039,0.0168,0.0152,0.0135,0.0223,0.0021,0.0021,0.0123,0.0053,0.0042,0.0036,0.0004,0,0.0059,0.0004,0,0.0114,0.0012,0.0006
CC032,RL-03,UNC,3,0,5.614193905,2.873126764,20420168.07,0.329,0.754,0.0828,0.0277,0.65,0.135,0.0156,0.0087,0.001,0.14,0.104,0.0135,0.0098,0.187,0.0444,0,0.0329,0.008,0.0034,0.0171,0.0055,0.0059,0.0155,0.0018,0.0025,0.0067,0,0,0.0036,0.0007,0,0.0111,0.0022,0.001
CC032,RL-03,UNC,4,0,6.260071388,3.276461804,19820168.07,0.233,0.67,0.0577,0.0573,0.745,0.194,0.0497,0.0108,0.0033,0.316,0.125,0.0203,0.0044,0.283,0.125,0.0737,0.0188,0.0184,0.0032,0.0182,0.0046,0.0008,0.0115,0.0078,0.0028,0.0028,0.0005,0,0.0044,0.0023,0,0.0107,0.0028,0
CC032,RL-03,UNC,5,0,6.63748973,4.857332496,27418487.39,0.281,0.649,0.0771,0.0416,0.696,0.29,0.0445,0.0187,0.0055,0.258,0.156,0.0452,0.0071,0.208,0.14,0.0538,0.0095,0.0226,0.0003,0.0064,0.0401,0.0014,0.0095,0.009,0.0024,0.0048,0.0019,0,0,0.0012,0,0.0048,0.0047,0.0003
CC032,RL-03,UNC,6,1,5.29666519,3.290034611,27544537.82,0.246,0.737,0.0496,0.0418,0.735,0.124,0.0501,0.0123,0.003,0.169,0.0856,0.0221,0.0017,0.103,0.0133,0.0157,0.0241,0.0126,0.0004,0.0214,0.0049,0.0004,0.0128,0.006,0.0013,0.0033,0.0014,0,0.0051,0.0004,0,0.015,0.0011,0
CC032,RL-03,UNC,7,1,5.037426498,3.15330662,28477310.92,0.276,0.751,0.0744,0.0478,0.708,0.175,0.0313,0.0163,0.0021,0.246,0.162,0.0302,0.001,0.138,0.0266,0.011,0.0522,0.0186,0.001,0.031,0.0055,0.001,0.0269,0.007,0.0043,0.0115,0.001,0,0.012,0.0015,0,0.0269,0.0045,0
CC032,RL-03,UNC,8,1,4.643452676,2.956648579,18050420.17,0.332,0.717,0.0988,0.0751,0.644,0.121,0.0398,0.0358,0.0067,0.441,0.104,0.021,0.0018,0.158,0.0283,0.0175,0.0442,0.0055,0.0018,0.0306,0.0016,0.0018,0.0399,0.0039,0.0036,0.0105,0,0.0006,0.0105,0.0016,0,0.0247,0.0016,0
CC032,RL-03,UNC,9,1,4.643452676,1.812913357,19184873.95,0.284,0.786,0.062,0.042,0.699,0.127,0.0341,0.013,0.0028,0.161,0.0877,0.0151,0.0033,0.1,0.023,0,0.0304,0.0144,0.008,0.0269,0.0048,0.004,0.0162,0.0052,0.0047,0.0069,0.0011,0,0.0104,0.0007,0,0.0189,0.0015,0.0007
CC032,RL-03,UNC,10,1,5.127104798,2.290034611,23672268.91,0.111,0.536,0.0286,0.127,0.873,0.361,0.0941,0.0399,0.01,0.298,0.375,0.0946,0.0165,0.271,0.0321,0.0435,0.119,0.0835,0.054,0.0586,0.0183,0.0073,0.0688,0.0359,0.0192,0.0338,0.0072,0,0.0282,0.0098,0,0.0524,0.0176,0.0037
CC023,RL-03,UNC,11,0,8.797959644,4.607455023,35571428.57,0.105,0.267,0.0114,0.22,0.885,0.307,0.022,0.0064,0.0014,0.268,0.672,0.289,0.136,0.767,0.903,0.812,0.153,0.0444,0.0037,0.0354,0.0108,0.0012,0.0943,0.0538,0.0172,0.0696,0.0296,0.0037,0.0248,0.0067,0,0.0366,0.0121,0.0012
CC023,RL-03,UNC,12,0,8.625312451,4.574031268,25426890.76,0.0539,0.357,0.0182,0.184,0.941,0.128,0.0315,0.0035,0.0004,0.485,0.623,0.304,0.153,0.78,0.905,0.812,0.156,0.0566,0.022,0.0491,0.0283,0,0.114,0.0623,0.0529,0.0633,0.0321,0.0117,0.0245,0.0113,0,0.0401,0.017,0
CC023,RL-03,UNC,13,0,7.64738297,4.736396502,15968067.23,0.142,0.444,0.0356,0.269,0.849,0.285,0.0471,0.0298,0.0038,0.154,0.325,0.215,0.0616,0.679,0.521,0.778,0.13,0.0659,0.0013,0.0736,0.0256,0,0.0658,0.0434,0.0063,0.0444,0.0248,0.0005,0.0264,0.0178,0,0.059,0.024,0
CC023,RL-03,UNC,14,0,8.049218023,5.146128036,26712605.04,0.146,0.381,0.0349,0.313,0.844,0.242,0.0693,0.0287,0.005,0.213,0.518,0.282,0.131,0.869,0.929,0.928,0.187,0.0854,0.0029,0.0998,0.023,0.0011,0.107,0.0703,0.0371,0.0734,0.0381,0.0051,0.0462,0.0152,0,0.0899,0.022,0
CC023,RL-03,UNC,15,0,8.773786445,5.273001272,23954621.85,0.076,0.402,0.0219,0.288,0.917,0.257,0.0316,0.0018,0,0.355,0.581,0.218,0.102,0.799,0.916,0.845,0.132,0.0428,0,0.0289,0.0078,0.0008,0.112,0.0646,0.0349,0.0832,0.0241,0.0024,0.0085,0.0016,0,0.0255,0.0078,0
CC023,RL-03,UNC,16,1,6.982271233,2.716003344,33342857.14,0.246,0.601,0.069,0.139,0.743,0.186,0.0827,0.0395,0.0046,0.166,0.182,0.0512,0.006,0.217,0.0326,0,0.124,0.0129,0,0.101,0.0086,0,0.0888,0.0172,0.0038,0.0301,0.0081,0,0.0291,0.0027,0,0.0805,0.0059,0
CC023,RL-03,UNC,17,1,6.897627091,4.537819095,17858823.53,0.162,0.615,0.0387,0.203,0.827,0.2,0.0695,0.0185,0.0021,0.169,0.274,0.102,0.0548,0.38,0.162,0.0722,0.101,0.0328,0.0099,0.0756,0.0097,0.0012,0.068,0.0173,0.0051,0.0365,0.0113,0.0012,0.0253,0.0062,0.0004,0.0627,0.0099,0.0014
CC023,RL-03,UNC,18,1,8.380211242,3.774516966,38309243.7,0.146,0.286,0.0281,0.508,0.844,0.157,0.0535,0.0227,0.0027,0.18,0.408,0.15,0.0457,0.701,0.797,0.921,0.15,0.0552,0.0084,0.0439,0.0123,0.0012,0.133,0.0582,0.0349,0.083,0.0276,0.0024,0.0217,0.0082,0,0.0415,0.0112,0
CC023,RL-03,UNC,19,1,5.880813592,2.774516966,19119327.73,0.322,0.648,0.0637,0.0929,0.668,0.111,0.0682,0.0444,0.0051,0.146,0.141,0.05,0.0094,0.202,0.034,0,0.0864,0.029,0.0003,0.073,0.0136,0.002,0.0766,0.0383,0.0051,0.0356,0.0216,0.0011,0.0236,0.008,0,0.0617,0.013,0.0009
CC023,RL-03,UNC,20,1,7.880813592,3.187520721,22436974.79,0.271,0.655,0.0777,0.09,0.717,0.183,0.0551,0.0505,0.0098,0.245,0.243,0.0951,0.0325,0.221,0.075,0.0401,0.107,0.0322,0.0035,0.0778,0.0128,0.0023,0.0814,0.0334,0.0085,0.0513,0.0182,0.0012,0.0301,0.006,0.0006,0.0634,0.0119,0.0006
CC061,RL-03,UNC,21,0,5.049218023,3.534660576,17662184.87,0.233,0.669,0.159,0.04,0.757,0.119,0.0632,0.0175,0.0011,0.351,0.224,0.0713,0.0219,0.246,0.0489,0.0463,0.0877,0.0196,0.0037,0.0708,0.0155,0.0008,0.0579,0.0065,0.0022,0.0171,0.0021,0,0.0243,0.0062,0,0.0586,0.0124,0.0003
CC061,RL-03,UNC,22,0,5.799340549,4.770852012,18005042.02,0.256,0.639,0.139,0.0328,0.734,0.157,0.0566,0.0218,0.0045,0.355,0.238,0.0736,0.0145,0.315,0.0645,0.0254,0.062,0.0128,0.0011,0.0775,0.0117,0.0014,0.0391,0.0055,0.0018,0.0066,0.0007,0,0.0214,0.0044,0,0.0583,0.0092,0.0004
CC061,RL-03,UNC,23,0,5.390935107,2.447158031,5157983.193,0.207,0.569,0.188,0.0601,0.784,0.0913,0.0697,0.0148,0.0021,0.463,0.162,0.0365,0.0122,0.174,0.0309,0.0299,0.0564,0.008,0.0028,0.0841,0.0065,0.0004,0.0396,0.0028,0.0018,0.0074,0.0001,0.0002,0.021,0.0019,0,0.0609,0.0046,0.0002
CC061,RL-03,UNC,24,0,5.672097858,4.736396502,27312605.04,0.289,0.655,0.151,0.0578,0.695,0.156,0.0563,0.026,0.0029,0.449,0.2,0.0709,0.0251,0.174,0.0278,0.0155,0.0759,0.0166,0.0002,0.0622,0.0094,0.0024,0.0533,0.0069,0.0005,0.0121,0.0019,0,0.0211,0.0055,0,0.0533,0.0083,0
CC061,RL-03,UNC,25,0,6.544894485,4.556302501,15625210.08,0.276,0.687,0.155,0.0312,0.711,0.213,0.0488,0.0205,0.0032,0.376,0.0775,0.0189,0.0141,0.133,0.015,0,0.0298,0.0043,0.0033,0.0268,0.0026,0.0023,0.0213,0.0014,0.0003,0.003,0.0002,0,0.0046,0,0,0.0192,0.0004,0.0003
CC061,RL-03,UNC,26,1,5.022565828,3.495544338,20626890.76,0.27,0.685,0.158,0.0309,0.719,0.129,0.0476,0.0138,0.0019,0.293,0.289,0.0899,0.011,0.167,0.0267,0.0156,0.109,0.0297,0.0012,0.0553,0.0104,0.0007,0.0619,0.013,0.0029,0.0192,0.0074,0,0.025,0.005,0,0.0502,0.008,0.0002
CC061,RL-03,UNC,27,1,4.857332496,2.667452953,23626890.76,0.267,0.668,0.152,0.0389,0.721,0.142,0.044,0.0145,0.0035,0.266,0.262,0.0686,0.027,0.129,0.0065,0.0139,0.0736,0.0273,0.0138,0.0326,0.0049,0.0092,0.0388,0.0122,0.0017,0.0098,0.0016,0,0.013,0.0016,0,0.0275,0.0037,0.0034
CC061,RL-03,UNC,28,1,4.740362689,1.602059991,23178151.26,0.239,0.675,0.156,0.0312,0.75,0.143,0.0573,0.014,0.0014,0.34,0.288,0.0702,0.019,0.0902,0.0067,0.0072,0.109,0.0254,0.0044,0.0353,0.0128,0.0011,0.0594,0.0097,0.0022,0.0249,0.004,0,0.0191,0.0038,0,0.0321,0.0062,0.0004
CC061,RL-03,UNC,29,1,4.278753601,1.602059991,30100840.34,0.319,0.682,0.125,0.0256,0.668,0.174,0.0601,0.0282,0.0079,0.361,0.316,0.0926,0.0218,0.161,0.0236,0.0157,0.143,0.0323,0.0051,0.0789,0.0173,0.0013,0.0984,0.0156,0.0015,0.0462,0.0069,0.0000832,0.0425,0.0086,0.0003,0.0739,0.0154,0.0004
CC061,RL-03,UNC,30,1,4.908485019,2.781755375,32031932.77,0.378,0.712,0.144,0.0196,0.611,0.124,0.0446,0.0241,0.0047,0.366,0.181,0.0574,0.0157,0.142,0.0158,0.0175,0.0611,0.0123,0.0037,0.0304,0.0065,0.0022,0.0359,0.0091,0.0026,0.013,0.0036,0.0004,0.0142,0.0033,0.0004,0.0288,0.0051,0.0004
CC037,RL-03,UNC,31,0,6.678214783,3.829303773,23889075.63,0.22,0.637,0.162,0.0372,0.772,0.166,0.0297,0.0232,0.0103,0.343,0.439,0.212,0.0785,0.373,0.0696,0.049,0.215,0.0793,0.0194,0.0767,0.0331,0.001,0.123,0.0304,0.005,0.0664,0.0132,0.0002,0.0525,0.0236,0.0002,0.077,0.0327,0.0007
CC037,RL-03,UNC,32,0,6.698970004,3.729704621,33443697.48,0.21,0.614,0.168,0.0456,0.782,0.161,0.0298,0.0128,0.0051,0.517,0.39,0.183,0.0517,0.392,0.0989,0.0998,0.147,0.0593,0.0088,0.0479,0.0223,0.0014,0.0803,0.0268,0.002,0.04,0.0132,0.0004,0.0303,0.0144,0.0002,0.047,0.0222,0.0003
CC037,RL-03,UNC,33,0,6.596597096,3.511883361,30332773.11,0.241,0.691,0.15,0.036,0.749,0.202,0.0324,0.0273,0.0139,0.444,0.444,0.141,0.0602,0.317,0.0425,0.0369,0.178,0.0608,0.0247,0.0611,0.0177,0.001,0.108,0.0264,0.0041,0.0535,0.0121,0.0009,0.0397,0.0126,0.0003,0.0612,0.0178,0.0009
CC037,RL-03,UNC,34,0,6.748188027,3.875061263,30468907.56,0.302,0.635,0.181,0.0332,0.688,0.168,0.0254,0.0198,0.0082,0.433,0.392,0.15,0.0731,0.347,0.0348,0.0242,0.116,0.0559,0.0192,0.0357,0.0136,0.002,0.0588,0.0203,0.0034,0.0246,0.009,0.0005,0.021,0.0094,0.0002,0.0343,0.0136,0.0006
CC037,RL-03,UNC,35,0,6.247154615,3.785329835,22492436.97,0.365,0.626,0.211,0.0243,0.623,0.151,0.0233,0.0235,0.0081,0.377,0.219,0.137,0.0396,0.342,0.0852,0.0319,0.0737,0.0557,0.0106,0.0272,0.0125,0.0014,0.0375,0.0322,0.0022,0.0174,0.0143,0.0000817,0.013,0.0095,0.0000817,0.0239,0.0128,0.0007
CC037,RL-03,UNC,36,1,5.309630167,2.130333768,44107563.03,0.189,0.619,0.192,0.046,0.806,0.086,0.0434,0.0862,0.0188,0.437,0.354,0.164,0.0317,0.212,0.0363,0.0332,0.141,0.0889,0.0167,0.0667,0.0344,0.0012,0.174,0.0891,0.0089,0.11,0.0569,0.0021,0.0381,0.0253,0,0.0617,0.0345,0.0002
CC037,RL-03,UNC,37,1,4.934498451,2.921686475,7527731.092,0.297,0.717,0.149,0.0245,0.694,0.0925,0.0245,0.048,0.0149,0.398,0.258,0.133,0.0225,0.217,0.0979,0.0892,0.104,0.0717,0.0059,0.0502,0.0638,0.0005,0.107,0.0702,0.0034,0.0715,0.0497,0.0007,0.0295,0.0308,0.0001,0.0466,0.0467,0.0003
CC037,RL-03,UNC,38,1,5.218360422,2.698970004,10931092.44,0.336,0.733,0.154,0.0223,0.656,0.0552,0.0332,0.0674,0.0175,0.347,0.246,0.107,0.0424,0.328,0.264,0.226,0.121,0.0564,0.0073,0.0587,0.0378,0.0005,0.157,0.068,0.0098,0.112,0.051,0.0025,0.0356,0.0271,0.0002,0.057,0.0371,0.0002
CC037,RL-03,UNC,39,1,5.611723308,2.755874856,4330084.034,0.208,0.697,0.166,0.0285,0.785,0.0854,0.0369,0.0479,0.0134,0.239,0.322,0.188,0.0212,0.206,0.0527,0.044,0.135,0.0787,0.008,0.0776,0.0432,0.0003,0.117,0.0712,0.0016,0.075,0.0471,0.0005,0.0451,0.0278,0.0000837,0.0716,0.0419,0.0002
CC037,RL-03,UNC,40,1,5.069421409,2.886490725,9524369.748,0.219,0.694,0.166,0.031,0.771,0.102,0.0323,0.0522,0.0174,0.371,0.406,0.108,0.0279,0.261,0.127,0.149,0.233,0.0569,0.0175,0.0862,0.0299,0.0005,0.212,0.0425,0.0064,0.143,0.0267,0.0008,0.0634,0.0222,0.000057,0.0892,0.0304,0.0002
CC010,RL-03,UNC,41,0,5.721535832,2.919078092,16694117.65,0.331,0.652,0.232,0.041,0.698,0.217,0.0227,0.0157,0.0025,0.457,0.257,0.0612,0.011,0.396,0.0455,0.0327,0.122,0.0386,0.0064,0.0372,0.0092,0.001,0.0299,0.0087,0.0002,0.0216,0.007,0.0001,0.0215,0.0056,0,0.0363,0.0073,0.0005
CC010,RL-03,UNC,42,0,5.642134635,2.841984805,21494117.65,0.263,0.622,0.19,0.0928,0.763,0.392,0.036,0.0319,0.0069,0.446,0.522,0.169,0.0405,0.647,0.0593,0.0589,0.251,0.104,0.0396,0.108,0.0315,0.0048,0.0705,0.0258,0.0048,0.0561,0.0226,0.0007,0.0594,0.0235,0.0005,0.1,0.0318,0.0021
CC010,RL-03,UNC,43,0,5.419404963,2.829303773,21715966.39,0.345,0.72,0.172,0.042,0.685,0.13,0.0337,0.015,0.0021,0.558,0.192,0.0454,0.011,0.328,0.0271,0.0164,0.0688,0.02,0.0023,0.0544,0.0127,0.0006,0.0189,0.0035,0.0005,0.0108,0.0029,0,0.0176,0.0064,0,0.0455,0.0088,0.0004
CC010,RL-03,UNC,44,0,5.5132176,3.871183608,18408403.36,0.338,0.67,0.218,0.045,0.687,0.181,0.0225,0.0186,0.0025,0.389,0.259,0.0486,0.0123,0.344,0.0358,0.0268,0.13,0.0339,0.0077,0.0662,0.0095,0.0012,0.0444,0.0931,0.001,0.0248,0.0125,0,0.029,0.0037,0,0.061,0.0066,0.0002
CC010,RL-03,UNC,45,0,5.401400541,2.447158031,14319327.73,0.483,0.738,0.193,0.0276,0.551,0.106,0.0117,0.0053,0.0007,0.371,0.133,0.0269,0.0058,0.159,0.0196,0.0154,0.0544,0.0086,0.0032,0.0258,0.0032,0.0008,0.0088,0.0015,0.0007,0.006,0.0007,0.0001,0.0083,0.0012,0,0.0222,0.0026,0.0001
CC010,RL-03,UNC,46,1,4.934498451,3.439332694,20152941.18,0.415,0.724,0.193,0.0329,0.61,0.12,0.0258,0.0378,0.0058,0.376,0.19,0.0515,0.0087,0.163,0.0332,0.02,0.117,0.0199,0.0048,0.058,0.0097,0.0012,0.0407,0.0041,0.0007,0.0292,0.0031,0,0.0347,0.0056,0,0.055,0.0088,0
CC010,RL-03,UNC,47,1,5.176091259,2.176091259,26455462.18,0.422,0.769,0.164,0.0299,0.603,0.083,0.0254,0.0458,0.0056,0.395,0.172,0.0449,0.0051,0.171,0.0164,0.0131,0.107,0.022,0.0015,0.044,0.0102,0.0005,0.0422,0.0055,0.0009,0.0291,0.0032,0.0003,0.0199,0.0052,0.0000733,0.0399,0.0106,0.0004
CC010,RL-03,UNC,48,1,5.079181246,1,20929411.76,0.485,0.683,0.252,0.0378,0.547,0.0523,0.0204,0.0208,0.003,0.435,0.0759,0.021,0.0029,0.0749,0.016,0.0129,0.064,0.0113,0.0008,0.0213,0.0051,0.001,0.0179,0.0024,0.0008,0.0117,0.0014,0.0000841,0.0108,0.0025,0,0.0215,0.0039,0.0000841
CC010,RL-03,UNC,49,1,4.72427587,1.903089987,20702521.01,0.371,0.762,0.145,0.0478,0.654,0.133,0.0372,0.067,0.02,0.318,0.224,0.058,0.0065,0.171,0.0172,0.0139,0.126,0.0408,0.0076,0.0474,0.0111,0.0007,0.0463,0.0124,0.0007,0.0356,0.0096,0.0003,0.0293,0.0084,0,0.0458,0.0099,0.0001
CC010,RL-03,UNC,50,1,5.124938737,1.77815125,19628571.43,0.413,0.712,0.215,0.036,0.617,0.0991,0.0227,0.0351,0.0053,0.321,0.162,0.0351,0.0047,0.113,0.0176,0.0114,0.0913,0.0261,0.0059,0.0481,0.0112,0.0066,0.0361,0.0076,0.0008,0.0236,0.0052,0,0.0236,0.0055,0,0.0441,0.0079,0.0011
CC042,RL-03,UNC,51,0,5.934498451,5.071882007,20556302.52,0.158,0.679,0.0171,0.158,0.867,0.202,0.0287,0.0296,0.0119,0,0.0274,0.0184,0.0077,0.0726,0.0324,0.0588,0.0162,0.0098,0.007,0.0112,0.0037,0.0063,0.0077,0.0086,0.0025,0.0027,0,0.0004,0.0008,0.0004,0,0.0054,0.0016,0.0007
CC042,RL-03,UNC,52,0,6.519827994,4.389166084,16971428.57,0.117,0.643,0.0082,0.211,0.902,0.203,0.0237,0.044,0.0059,0,0.043,0.0237,0.0074,0.105,0.101,0.0529,0.015,0.0131,0.004,0.0147,0.0027,0.003,0.0159,0.0085,0.0059,0.0025,0.0003,0,0.0006,0.0011,0,0.0056,0.0016,0.0002
CC042,RL-03,UNC,53,0,5.995635195,4.058805487,28023529.41,0.156,0.638,0.0165,0.178,0.868,0.201,0.0373,0.0511,0.009,0,0.0367,0.0225,0.0067,0.093,0.0962,0.0163,0.0232,0.0105,0.0041,0.0164,0.0015,0.0041,0.0174,0.0025,0.0044,0.0043,0,0,0.0029,0.0005,0,0.0072,0.0005,0.0006
CC042,RL-03,UNC,54,0,7.103803721,5.477121255,23939495.8,0.135,0.646,0.0195,0.213,0.885,0.182,0.021,0.0283,0.0055,0,0.0371,0.0215,0.0082,0.112,0.0937,0.0797,0.019,0.0038,0.0046,0.0082,0.0017,0.0011,0.0177,0.0051,0.0055,0.0023,0.0003,0,0.0016,0.0003,0,0.0043,0.001,0
CC042,RL-03,UNC,55,0,6.263241435,5.161368002,45584873.95,0.171,0.734,0.0166,0.145,0.856,0.155,0.0257,0.0352,0.0078,0,0.0291,0.0125,0.0021,0.0572,0.0407,0.0186,0.0148,0.0067,0.0017,0.0088,0.0009,0.0014,0.0134,0.0031,0.0021,0.0028,0,0,0.0014,0,0,0.0055,0,0
CC042,RL-03,UNC,56,1,4.491361694,4.077367905,23500840.34,0.169,0.557,0.0044,0.0977,0.86,0.279,0.0559,0.163,0.0494,0,0.0506,0.0621,0.007,0.14,0.0778,0.0991,0.0786,0.0722,0.006,0.0239,0.0193,0.0025,0.0859,0.039,0.0078,0.0147,0.0056,0.0001,0.0074,0.0068,0.0001,0.0205,0.0211,0.0007
CC042,RL-03,UNC,57,1,4.568201724,3.768391413,25926050.42,0.215,0.801,0.011,0.0428,0.819,0.165,0.0433,0.0519,0.0285,0,0.0167,0.0174,0.0073,0.0292,0.0588,0.0112,0.0081,0.0067,0.0059,0.0066,0.0024,0.0045,0.0136,0.0049,0.0053,0.0025,0.0002,0,0.0007,0,0,0.0023,0.0006,0.0011
CC042,RL-03,UNC,58,1,4.662757832,3.263241435,34053781.51,0.219,0.755,0.009,0.0483,0.809,0.171,0.0654,0.087,0.0491,0,0.0203,0.0141,0.0089,0.0987,0.0588,0.0196,0.0199,0.0161,0.0109,0.0406,0.0126,0.0048,0.0207,0.0098,0.0085,0.0036,0.0006,0.0017,0.0012,0,0.0003,0.0112,0.0043,0.0024
CC042,RL-03,UNC,59,1,4.979244778,4.025305865,19326050.42,0.237,0.79,0.0138,0.0492,0.8,0.159,0.0376,0.0221,0.0124,0,0.0185,0.0104,0.0065,0.114,0.0622,0.0431,0.0131,0.0063,0.0062,0.0006,0.0034,0.0034,0.0052,0.0047,0.0039,0.0012,0.0005,0,0,0,0,0.0003,0.0005,0.0006
CC042,RL-03,UNC,60,1,4.857332496,4.008600172,11989915.97,0.185,0.737,0.008,0.0466,0.848,0.288,0.0554,0.105,0.0605,0,0.0344,0.0278,0.0137,0.0971,0.0509,0.0244,0.0321,0.0209,0.0159,0.0103,0.0083,0.0046,0.0239,0.011,0.0087,0.0035,0.0014,0.0006,0.0033,0.0015,0.0002,0.0071,0.0063,0
C57BL6,RL-03,Jax,61,0,6.025305865,5.075546961,23097478.99,0.278,0.669,0.21,0.0283,0.751,0.562,0.0173,0.0059,0.0155,0.471,0.508,0.196,0.0811,0.491,0.0693,0.0541,0.108,0.033,0.0059,0.0487,0.0151,0.0021,0.046,0.0302,0.0019,0.0125,0.0035,0,0.0204,0.0056,0,0.041,0.0094,0.0002
C57BL6,RL-03,Jax,62,0,5.812913357,4.049218023,22154621.85,0.352,0.708,0.165,0.0268,0.678,0.241,0.0219,0.0095,0.0126,0.454,0.261,0.0837,0.0404,0.203,0.0763,0.0202,0.0762,0.0067,0.0065,0.0326,0.0067,0.0027,0.0335,0.0049,0.0035,0.0125,0.0009,0,0.0149,0.0043,0,0.0283,0.0058,0.0004
C57BL6,RL-03,Jax,63,0,5.809784098,4.423245874,27075630.25,0.332,0.651,0.199,0.0238,0.702,0.298,0.0151,0.0055,0.0025,0.489,0.226,0.109,0.0541,0.236,0.0979,0.021,0.0626,0.0179,0.0087,0.0228,0.0069,0.0017,0.0242,0.0069,0.0061,0.0083,0.0012,0.0009,0.0121,0.0035,0.0009,0.0194,0.0058,0.0009
C57BL6,RL-03,Jax,64,0,6.045322979,5.284430734,29490756.3,0.363,0.63,0.207,0.0323,0.673,0.483,0.014,0.0054,0.0111,0.613,0.472,0.181,0.11,0.441,0.102,0.0156,0.156,0.0215,0.0077,0.0383,0.0089,0.0014,0.0739,0.0097,0.0029,0.0245,0.0029,0,0.0227,0.0043,0,0.0351,0.0086,0.001
C57BL6,RL-03,Jax,65,0,5.913813852,5.23299611,21332773.11,0.349,0.71,0.141,0.0205,0.685,0.466,0.0163,0.0081,0.0113,0.504,0.382,0.182,0.0886,0.409,0.0607,0.0118,0.103,0.0161,0.0066,0.0239,0.0179,0.0007,0.0445,0.0054,0.0032,0.015,0.0018,0,0.0142,0.0021,0,0.0229,0.0036,0
C57BL6,RL-03,Jax,66,1,5.544068044,4.477121255,31472268.91,0.389,0.776,0.0841,0.0225,0.64,0.618,0.0202,0.0103,0.0151,0.595,0.491,0.215,0.123,0.284,0.0325,0.0219,0.131,0.0176,0.0055,0.0261,0.0187,0.0018,0.054,0.0092,0.0037,0.0204,0.0011,0.0009,0.0147,0.0019,0,0.0249,0.0053,0.0018
C57BL6,RL-03,Jax,67,1,4.531478917,3.556302501,4506050.42,0.349,0.712,0.204,0.0188,0.679,0.126,0.0165,0.0201,0.0088,0.361,0.0848,0.0494,0.024,0.0759,0.0182,0.0015,0.0294,0.0087,0.0009,0.0095,0.0052,0.0028,0.0194,0.0076,0.0046,0.0038,0.0023,0.0005,0.0047,0.0023,0,0.0071,0.0035,0.0009
C57BL6,RL-03,Jax,68,1,4.963787827,3.215725665,20077310.92,0.382,0.749,0.17,0.0199,0.649,0.0727,0.0153,0.0052,0.002,0.254,0.0884,0.0301,0.0059,0.0487,0.0126,0.0022,0.0411,0.0047,0.0004,0.0208,0.0136,0.0034,0.0214,0.0025,0.0017,0.0077,0.0007,0,0.0111,0.0011,0.0004,0.0194,0.0021,0.0008
C57BL6,RL-03,Jax,69,1,5.269512944,4.137775961,21110924.37,0.304,0.744,0.152,0.0272,0.719,0.157,0.0287,0.0365,0.0098,0.33,0.191,0.0704,0.0119,0.106,0.0501,0.0234,0.0876,0.0077,0.005,0.0306,0.004,0,0.0666,0.0065,0.002,0.0275,0.0028,0,0.0174,0.0006,0,0.028,0.0031,0
C57BL6,RL-03,Jax,70,1,5.748188027,3.848189117,26107563.03,0.332,0.723,0.123,0.0318,0.692,0.143,0.0217,0.0121,0.0059,0.64,0.147,0.0819,0.0192,0.169,0.0637,0.0284,0.0501,0.006,0,0.0242,0.0013,0.0009,0.0275,0.001,0.0017,0.0092,0,0,0.0116,0.0007,0,0.0199,0.0013,0.0009
,,,,,,,,,,,,,,,,,,,,,,,,,,,,,,,,,,,,,,,,,
CC059,RL-07,UNC,113,0,6.515873844,3.512328563,6723628.357,0.292,0.565,0.0968,0.0108,0.673,0.295,0.0381,0.0286,0.0095,1,0.341,0.0441,0.0118,0.181,0.029,0.0328,0.304,0.0782,0.0453,0.023,0.003,0,0.0085,0.007,0.0098,0.0024,0,0,0.0158,0,0,0.0109,0,0
CC059,RL-07,UNC,114,0,6.629409599,3.268343914,9631685.365,0.279,0.655,0.06,0.01,0.685,0.275,0.0458,0.0076,0,1,0.358,0.0952,0.05,0.148,0.0466,0.0828,0.358,0.138,0.171,0.03,0.0042,0.0079,0.0174,0.0063,0.0184,0.0095,0.0021,0,0.0174,0.0021,0,0.011,0.0021,0
CC059,RL-07,UNC,115,0,6.156347201,3.091666958,11060644.41,0.323,0.597,0.0685,0.0121,0.64,0.304,0.0541,0.0068,0,1,0.436,0.11,0.0277,0.262,0.14,0.0418,0.389,0.249,0.108,0.0315,0.0147,0.0028,0.0178,0.0088,0.0069,0.0074,0.0052,0.0014,0.0241,0.0103,0,0.0137,0.0059,0
CC059,RL-07,UNC,116,0,6.670864066,4.774516966,11251172.28,0.262,0.438,0.146,0.0278,0.707,0.381,0.0317,0,0.0159,1,0.375,0.132,0.0318,0.285,0.117,0.124,0.441,0.285,0.261,0.0333,0.0189,0.0041,0.0277,0.0132,0.0069,0.0092,0.0076,0,0.024,0.0076,0,0.0185,0.0057,0
CC059,RL-07,UNC,117,0,6.929418926,3.572096768,19719634.85,0.19,0.364,0.0764,0.0618,0.771,0.21,0.07,0.01,0,0.941,0.568,0.298,0.0498,0.206,0.103,0.0619,0.523,0.346,0.286,0.104,0.0548,0.0064,0.034,0.0183,0.0096,0.0195,0.0122,0.0008,0.0813,0.0441,0.0016,0.0496,0.032,0.0024
CC059,RL-07,UNC,118,1,5.559507641,2.607455023,11336408.44,0.288,0.628,0.0349,0,0.662,0.176,0.0556,0.0093,0.0185,0,0.396,0.136,0.0375,0.253,0.137,0.0793,0.416,0.15,0.253,0.0511,0.0159,0.0071,0.0173,0.0021,0.0081,0.0061,0,0,0.0268,0.0117,0.001,0.0104,0.0096,0.002
CC059,RL-07,UNC,119,1,5.301029996,2.86332286,7591031.568,0.321,0.519,0.108,0.0043,0.636,0.183,0.0667,0.0333,0,1,0.209,0.103,0.0216,0.141,0.0745,0.0725,0.283,0.175,0.0914,0.013,0.0136,0.002,0.009,0.0045,0.0007,0.003,0.0015,0,0.009,0.0076,0,0.004,0.0061,0
CC059,RL-07,UNC,120,1,5.621868385,2.602059991,4146488.182,0.353,0.505,0.0971,0.0097,0.599,0.163,0.0673,0.0288,0,1,0.186,0.0573,0.03,0.18,0.0545,0.115,0.147,0.0951,0.11,0.0174,0.0061,0.005,0.0081,0.0061,0.005,0,0.0012,0,0.0105,0.0024,0,0.0093,0.0012,0
CC059,RL-07,UNC,121,1,4.944482672,1.301029996,5393275.841,0.315,0.51,0.11,0.0172,0.639,0.338,0.0473,0.0068,0.0135,0.6,0.199,0.04,0.0262,0.2,0.0444,0.0262,0.205,0.0905,0.14,0.0065,0.0063,0.0048,0.0065,0.0021,0.0048,0.0026,0,0,0.0039,0.0011,0,0.0039,0.0011,0
CC059,RL-07,UNC,122,1,4.51851394,2.970811611,9309125.019,0.334,0.596,0.078,0.0138,0.622,0.238,0.0692,0.0077,0,0,0.245,0.0563,0.0317,0.118,0.0585,0.0481,0.231,0.0341,0.0878,0.0163,0.004,0.0051,0.007,0.0016,0.0061,0.0023,0,0,0.0109,0.0016,0,0.0062,0.0016,0.001
CC041,RL-07,UNC,123,0,5.977723605,4.385606274,7318610.136,0.109,0.27,0.111,0,0.872,0.118,0.0588,0,0,0,0.391,0.136,0.0654,0.154,0.137,0.0286,0.121,0.0271,0.0719,0.0498,0.0136,0,0.0249,0.0045,0,0.0107,0,0,0.0285,0,0,0.0071,0,0
CC041,RL-07,UNC,124,0,5.838849091,2.33243846,6516387.513,0.1,0.39,0.0488,0.0854,0.864,0.0312,0.281,0,0,1,0.367,0.224,0.0955,0.153,0.132,0.0711,0.289,0.0735,0.0828,0.0652,0.0408,0,0.0407,0.0041,0,0.0265,0,0,0.0509,0.0163,0,0.0143,0.0163,0
CC041,RL-07,UNC,125,0,6.033423755,2.322219295,7258443.439,0.145,0.285,0.203,0.0732,0.834,0.143,0.114,0,0,0.889,0.28,0.188,0.0408,0.158,0.163,0.0596,0.2,0.0333,0,0.0291,0.0042,0,0.0073,0,0,0,0,0,0.0145,0,0,0.0036,0,0
CC041,RL-07,UNC,126,0,5.382017043,2.146128036,7736434.419,0.149,0.333,0.0833,0.0208,0.825,0.156,0.281,0,0,1,0.307,0.216,0.0482,0.15,0.191,0.0865,0.123,0.0836,0.0321,0.036,0.0453,0.008,0.0257,0.0174,0,0.012,0.007,0,0.0257,0.0209,0,0.0154,0.007,0
CC041,RL-07,UNC,127,0,6.73239376,1.929418926,8092420.708,0.177,0.347,0.105,0.0242,0.788,0.093,0.116,0.0698,0.0233,0.667,0.282,0.196,0.0778,0.144,0.236,0.0746,0.153,0.142,0.0821,0.0531,0.0667,0.0065,0.0365,0.0267,0.0065,0.0182,0.0044,0.0022,0.0332,0.0089,0.0022,0.0066,0,0
CC041,RL-07,UNC,128,1,6.256878032,3.007178585,9327509.287,0.117,0.2,0.025,0.05,0.859,0.0625,0.0625,0,0,0.25,0.193,0.158,0.0436,0.106,0.0431,0.0638,0.152,0.0819,0.0336,0.0283,0,0.0067,0.0103,0.0234,0.0034,0,0,0,0.018,0,0.0034,0.0051,0,0
CC041,RL-07,UNC,129,1,5.770852012,1,4686317.155,0.117,0.451,0.0442,0.0442,0.863,0.0588,0.0196,0,0,0.6,0.434,0.17,0.0505,0.0964,0.0073,0.0244,0.235,0.0948,0.0242,0.0219,0.0151,0.0061,0.0068,0.0108,0.0101,0.0027,0.0043,0.002,0.0137,0.0129,0,0.0068,0.0043,0
CC041,RL-07,UNC,130,1,6.123851641,2.06069784,6334216.126,0.156,0.318,0.0152,0.053,0.824,0.0714,0.0238,0.0238,0.0238,0,0.395,0.121,0.0422,0.156,0.0153,0.0329,0.263,0.117,0.0802,0.0263,0.0081,0.0042,0.0263,0.0162,0.0042,0,0,0,0.0263,0.004,0.0042,0,0,0.0042
CC041,RL-07,UNC,131,1,6.278753601,1.602059991,6558169.941,0.17,0.301,0.0205,0.0411,0.791,0.114,0.0682,0,0,0.333,0.46,0.267,0.0814,0.0874,0.0424,0.0064,0.402,0.13,0.0797,0.05,0.0711,0.0068,0.0262,0.027,0,0.0095,0.0049,0,0.0429,0.0343,0,0.0214,0.0123,0
CC041,RL-07,UNC,132,1,4.819543936,,4804979.251,0.161,0.341,0.017,0.102,0.796,0.133,0.1,0.0333,0.0167,0.611,0.241,0.143,0.0604,0.0664,0.022,0.027,0.201,0.0779,0.0676,0.0388,0.013,0,0.0174,0.013,0,0.0054,0.0065,0,0.0241,0.0065,0,0.0161,0,0
CC072,RL-07,UNC,133,0,5.319453078,3.15330662,9940875.334,0.293,0.299,0.0658,0.166,0.669,0.126,0.0419,0.0105,0,0.802,0.246,0.111,0.0244,0.207,0.0871,0.0803,0.278,0.153,0.177,0.0503,0.0169,0.0024,0.0436,0.0139,0.0134,0.0008,0,0,0.036,0.0154,0.0024,0.0419,0.0154,0.0024
CC072,RL-07,UNC,134,0,5.698100546,4.101517955,20389825,0.212,0.369,0.0349,0.0789,0.747,0.109,0.0547,0.0199,0.005,0.674,0.207,0.137,0.0439,0.22,0.199,0.383,0.276,0.0796,0.171,0.0416,0.0277,0.0033,0.0438,0.0145,0.019,0.0071,0.0021,0.0025,0.0265,0.0194,0.0017,0.0372,0.0194,0.0025
CC072,RL-07,UNC,135,0,5.785329835,4.217483944,14040567.2,0.238,0.23,0.0461,0.217,0.713,0.18,0.09,0.03,0.01,0.66,0.232,0.0831,0.0261,0.207,0.179,0.442,0.327,0.14,0.206,0.0372,0.0136,0.0046,0.0241,0.0054,0.0046,0.0033,0,0,0.0329,0.0082,0.0015,0.035,0.0095,0.0031
CC072,RL-07,UNC,136,0,6.591064607,3.973127854,10393796.86,0.352,0.325,0.0793,0.0818,0.618,0.11,0.063,0.0079,0.0079,0.812,0.187,0.0941,0.0317,0.165,0.0703,0.0806,0.262,0.145,0.0892,0.0245,0.0089,0,0.0325,0.0133,0.0072,0.0019,0,0,0.0189,0.0071,0,0.0198,0.0071,0
CC072,RL-07,UNC,137,0,5.452297671,4.049218023,18155300.73,0.205,0.33,0.051,0.17,0.74,0.196,0.0825,0.0309,0,0.52,0.236,0.0797,0.026,0.173,0.078,0.0619,0.303,0.157,0.184,0.0274,0.0045,0,0.0237,0.0134,0.0049,0.0082,0.0036,0,0.0193,0.0045,0,0.0215,0.0045,0
CC072,RL-07,UNC,138,1,,2.217483944,18110175.71,0.221,0.406,0.0351,0.0607,0.732,0.102,0.0787,0.0394,0.0236,0.421,0.328,0.16,0.0151,0.289,0.256,0.106,0.532,0.166,0.168,0.0742,0.0345,0.0018,0.13,0.0599,0.0213,0.067,0.0314,0.0036,0.0567,0.0288,0.0009,0.067,0.031,0.0009
CC072,RL-07,UNC,139,1,5.008600172,3.69019608,14124132.05,0.201,0.418,0.0459,0.0459,0.766,0.0976,0,0.0244,0,0.556,0.237,0.0957,0.0128,0.402,0.374,0.333,0.397,0.204,0.18,0.0509,0.0132,0,0.064,0.0246,0.0075,0.0245,0.0103,0,0.0324,0.0115,0,0.0411,0.012,0
CC072,RL-07,UNC,140,1,5.017033339,3.25446751,34213123.57,0.237,0.0996,0.0194,0.255,0.733,0.117,0.0519,0,0,0.772,0.252,0.0922,0.013,0.535,0.633,0.637,0.528,0.26,0.269,0.0614,0.0215,0,0.3,0.177,0.162,0.0172,0.0096,0.0032,0.0401,0.0183,0,0.0499,0.0188,0
CC072,RL-07,UNC,141,1,4.462397998,2.707570176,12827205.48,0.206,0.386,0.0214,0.129,0.752,0.0926,0.037,0.0093,0,0.5,0.297,0.18,0.032,0.421,0.472,0.479,0.438,0.31,0.226,0.0392,0.0312,0.0027,0.043,0.0285,0.0113,0.0123,0.0098,0.0013,0.0345,0.024,0,0.0359,0.0267,0.0013
CC072,RL-07,UNC,142,1,4.707570176,2.311753861,20461690.77,0.27,0.473,0.0177,0.0398,0.675,0.131,0.103,0.0467,0.0374,0.889,0.323,0.241,0.0479,0.493,0.557,0.52,0.462,0.309,0.259,0.0775,0.0848,0.005,0.0915,0.0774,0.024,0.0416,0.0397,0.0075,0.0625,0.0718,0.004,0.0696,0.0755,0.0044
CC040,RL-07,UNC,143,0,6.751279104,1.84509804,6691873.712,0.257,0.075,0.0125,0.075,0.707,0.167,0.333,0,0,0.333,0.215,0.0564,0.0583,0.233,0.131,0.3,0.0863,0.0182,0,0.0199,0.0018,0,0.0088,0.0091,0,0,0,0,0.0066,0.0018,0,0.0133,0.0018,0
CC040,RL-07,UNC,144,0,6.819543936,3.027349608,7019447.95,0.368,0.064,0.0349,0.0233,0.588,0.0909,0.0909,0.0909,0.0909,0,0.25,0.0657,0.0783,0.0909,0.071,0.0774,0.125,0.0104,0.0184,0.0625,0,0,0,0.0173,0.0092,0,0,0,0,0,0,0.0625,0,0
CC040,RL-07,UNC,145,0,4.531478917,2.40654018,6021683.562,0.273,0.0653,0.0137,0.103,0.691,0.474,0.0526,0,0,0.5,0.256,0.072,0.075,0.209,0.111,0,0.0673,0,0.075,0.0224,0,0,0.0045,0.0076,0,0,0,0,0.009,0,0,0.0135,0,0
CC040,RL-07,UNC,146,0,6.698970004,3.278753601,8714143.24,0.316,0.0855,0.0235,0.118,0.644,0.3,0.15,0.025,0,0.127,0.269,0.127,0.0733,0.165,0.15,0.154,0.117,0.0145,0.02,0.0343,0.0036,0,0.0143,0.0145,0.0267,0,0,0,0.0171,0,0,0.0314,0,0
CC040,RL-07,UNC,147,0,7.008600172,1.77815125,18666717.65,0.251,0.0363,0.0073,0.0247,0.71,0.16,0.24,0.16,0.08,0.588,0.186,0.0956,0.0374,0.36,0.521,0.321,0.151,0.0134,0.0654,0.054,0.0134,0,0.0183,0.0115,0,0.0046,0,0,0.0221,0.0019,0,0.0342,0.0076,0
CC040,RL-07,UNC,148,1,7.33243846,2.161368002,17403217.02,0.258,0.0851,0.0309,0.0807,0.71,0.0909,0.0779,0.013,0,0.219,0.324,0.197,0.148,0.27,0.729,0.215,0.107,0.0387,0.0779,0.0442,0.0102,0,0.0257,0.0137,0.0164,0.0113,0.0102,0.0041,0.0237,0.008,0,0.0278,0.0091,0
CC040,RL-07,UNC,149,1,6.730243783,1.77815125,3324209.993,0.288,0.129,0.118,0.157,0.676,0.186,0.128,0.0233,0.0116,0.571,0,0,0,0.138,0.158,0.118,0,0,0,0,0,0,0,0,0,0,0,0,0,0,0,0,0,0
CC040,RL-07,UNC,150,1,7.46834733,4.141449773,4238409.524,0.243,0.225,0.0263,0.0877,0.712,0.182,0.0779,0.026,0.013,0.467,0.0667,0,0.0455,0.333,0.333,0.222,0,0,0,0,0,0,0,0.0769,0.0455,0,0,0,0,0,0,0,0,0
CC040,RL-07,UNC,151,1,5.72916479,2.955848036,3538136.026,0.261,0.222,0.0117,0.0729,0.693,0.145,0.118,0.0263,0.0132,0.36,0,0,0,0,0,0,0,0,0,0,0,0,0,0,0,0,0,0,0,0,0,0,0,0
CC040,RL-07,UNC,152,1,7.741151599,3.06694679,1997200.071,0.304,0.05,0.0188,0.1,0.651,0.188,0.25,0.0625,0.0625,0.312,0,0,0,0,0,0,0,0,0,0,0,0,0,0,0,0,0,0,0,0,0,0,0,0
CC026,RL-07,UNC,153,0,,,,,,,,,,,,,,,,,,,,,,,,,,,,,,,,,,,,,
CC026,RL-07,UNC,154,0,,,,,,,,,,,,,,,,,,,,,,,,,,,,,,,,,,,,,
CC026,RL-07,UNC,155,0,,,,,,,,,,,,,,,,,,,,,,,,,,,,,,,,,,,,,
CC026,RL-07,UNC,156,0,6.037426498,4.875061263,5105812.735,0.194,0.48,0.0665,0.0616,0.794,0.0718,0.0564,0.0154,0,0.28,0,0,0,0,0.167,0.333,1,0.111,0.5,0,0,0,0,0.111,0,0,0,0,0,0,0,0,0,0
CC026,RL-07,UNC,157,0,,,,,,,,,,,,,,,,,,,,,,,,,,,,,,,,,,,,,
CC026,RL-07,UNC,158,1,5.410496046,2.130333768,6115276.202,0.162,0.589,0.0993,0.0248,0.825,0.0964,0.0542,0.012,0.006,0.429,0,0.0667,0,0.312,0,0,0.6,0.533,0.5,0,0,0,0,0,0,0,0,0,0,0,0,0,0,0
CC026,RL-07,UNC,159,1,4.556302501,0,6944239.579,0.227,0.672,0.0314,0.0272,0.756,0.0498,0.0685,0.0031,0.0031,0.385,0.0357,0,0.0952,0.222,0.5,0.211,0.571,0.143,0.524,0,0,0,0,0,0,0,0,0,0,0,0,0,0,0
CC026,RL-07,UNC,160,1,5.238046103,1.740362689,10298532.92,0.172,0.508,0.0596,0.0287,0.814,0.0348,0.0478,0,0,0.385,0.0857,0.118,0.103,0.353,0.75,0.406,0.429,0.294,0.621,0.0286,0,0,0.0286,0,0.0345,0,0,0,0,0,0,0,0,0
CC026,RL-07,UNC,161,1,4.934498451,1.77815125,9364277.824,0.118,0.585,0.0308,0.0385,0.873,0.0592,0.0855,0.0066,0,0.6,0.32,0.0455,0.12,0.452,0.4,0.68,0.76,0.5,0.64,0.16,0.0455,0,0.08,0,0,0,0,0,0.12,0,0,0,0,0
CC026,RL-07,UNC,162,1,5.416085498,0,6355942.989,0.153,0.597,0.0381,0.0085,0.836,0.0709,0.0709,0.0142,0,0.5,0,0,0.0556,0,0.167,0.455,0.5,0.5,0.667,0,0,0.0556,0,0,0.0556,0,0,0,0,0,0,0,0,0
CC024,RL-07,UNC,163,0,5.812913357,2.618048097,13298511.27,0.501,0.0997,0.0258,0.366,0.425,0.0862,0.224,0.0172,0,0.455,0.135,0.0254,0.01,0.405,0.178,0.222,0.696,0.182,0.527,0.0815,0.0169,0.0033,0.0596,0.0085,0.0066,0.0031,0,0,0.0376,0.0042,0.0017,0.0376,0.0042,0
CC024,RL-07,UNC,164,0,4.986771734,1.77815125,9773745.621,0.462,0.158,0.0229,0.307,0.461,0.0482,0.169,0.0482,0.0241,0.646,0.134,0.0113,0.0141,0.319,0.0279,0.264,0.639,0.492,0.545,0.0781,0.0113,0.0141,0.0502,0.0263,0.0141,0.0019,0,0,0.0372,0,0,0.0353,0,0
CC024,RL-07,UNC,165,0,5.963787827,2.980003372,11535292.8,0.428,0.149,0.0355,0.402,0.508,0.0495,0.129,0.0297,0.0099,0.61,0.116,0.0245,0.0203,0.236,0.0311,0.0149,0.209,0.0134,0.362,0.0465,0.0089,0,0.0233,0.0022,0.0058,0,0,0,0.031,0,0,0.0078,0.0022,0
CC024,RL-07,UNC,166,0,5.634141259,1.84509804,13779844.84,0.501,0.142,0.0256,0.381,0.435,0.135,0.234,0.0541,0.045,0.421,0.0881,0.019,0.0032,0.187,0.0243,0.0774,0.157,0.0254,0.179,0.044,0.0032,0,0.0356,0.0159,0,0,0,0,0.0147,0.0032,0,0.0126,0,0
CC024,RL-07,UNC,167,0,5.196820744,1,15985957.06,0.425,0.158,0.0257,0.458,0.491,0.0284,0.163,0.0355,0,0.346,0.166,0.0084,0.0057,0.0814,0.048,0.0833,0.166,0.0084,0.448,0.0554,0,0,0.0554,0,0,0.0074,0,0,0.0295,0,0,0.0295,0,0
CC024,RL-07,UNC,168,1,5.740362689,1,13097955.61,0.417,0.16,0.0228,0.417,0.506,0.0068,0.15,0.0136,0,0.346,0.0966,0.0325,0.007,0.113,0.187,0.427,0.165,0.0877,0.57,0.0561,0.0162,0,0.0343,0.0032,0.007,0,0,0,0.0156,0.0032,0,0.0249,0,0
CC024,RL-07,UNC,169,1,5.187520721,1.477121255,11684038.24,0.393,0.144,0.0163,0.345,0.528,0.0179,0.107,0.0298,0,0.437,0.0851,0.0381,0.0191,0.313,0.362,0.659,0.463,0.288,0.668,0.0726,0.0095,0.0082,0.0882,0.0262,0.0136,0.0052,0.0048,0.0027,0.0249,0.0048,0.0027,0.027,0.0048,0.0027
CC024,RL-07,UNC,170,1,4.939519253,2.06069784,5774331.587,0.318,0.206,0.0283,0.328,0.606,0.108,0.127,0.0686,0.049,0.5,0.184,0.0417,0.0186,0.277,0.235,0.237,0.592,0.317,0.497,0.062,0.0111,0,0.034,0.0028,0.0053,0,0,0,0.032,0.0111,0,0.022,0,0
CC024,RL-07,UNC,171,1,5.71432976,1.698970004,13067872.27,0.461,0.126,0.0118,0.476,0.464,0.0521,0.188,0.0104,0.0104,0.453,0.149,0.0222,0.0142,0.335,0.338,0.633,0.566,0.267,0.551,0.0572,0.0037,0.0047,0.0443,0.0148,0.0047,0.0037,0,0,0.0369,0,0,0.0277,0,0
CC024,RL-07,UNC,172,1,5.278753601,2.079181246,15379276.2,0.498,0.131,0.0238,0.442,0.44,0.0808,0.253,0.0707,0.0505,0.467,0.159,0.0224,0.0063,0.619,0.131,0.487,0.575,0.459,0.488,0.074,0.0075,0.0032,0.0301,0.0149,0.0032,0.0027,0,0,0.0466,0.0075,0,0.0301,0.0037,0
C57BL/6,RL-07,Jax,173,0,5.913813852,4.537819095,26351341.86,0.284,0.356,0.152,0.0278,0.697,0.0677,0.0469,0,0,1,0.153,0.104,0.0277,0.0524,0.0205,0.0145,0.0472,0.0265,0.0216,0.0302,0.0228,0.0006,0.0042,0.0038,0.0006,0.001,0.0006,0,0.0105,0.0107,0,0.0062,0.0088,0
C57BL/6,RL-07,Jax,174,0,5.973127854,5.136720567,8593809.847,0.18,0.414,0.137,0.0132,0.808,0.245,0.0957,0,0.0106,0.667,0.309,0.118,0.041,0.235,0.109,0.0944,0.0924,0.0129,0,0.0287,0.0129,0,0,0.0021,0,0,0,0,0.0127,0.0021,0,0.0064,0,0
C57BL/6,RL-07,Jax,175,0,5.646730386,5.338456494,11160922.24,0.223,0.436,0.168,0.0426,0.756,0.214,0.0698,0.014,0.0093,0.714,0.348,0.13,0.0217,0.291,0.0957,0.0778,0.097,0.0214,0,0.0634,0.0227,0.0065,0.0091,0.0025,0,0.0039,0.0013,0,0.0388,0.0101,0,0.0181,0.0038,0
C57BL/6,RL-07,Jax,176,0,5.819543936,4.781755375,8829462.742,0.261,0.459,0.115,0.0421,0.721,0.312,0.0833,0.0125,0.0042,0.636,0.419,0.283,0.0444,0.278,0.143,0.1,0.146,0.191,0.0173,0.0554,0.0329,0.0025,0.0075,0.0154,0,0.0015,0.0066,0,0.0255,0.0154,0,0.0112,0.0088,0
C57BL/6,RL-07,Jax,177,0,5.819543936,3.509202522,15247243.72,0.204,0.345,0.0753,0.0701,0.779,0.12,0.0301,0,0,0.741,0.304,0.254,0.0407,0.153,0.0867,0.0644,0.194,0.129,0.0233,0.115,0.0766,0.0047,0.0159,0.0064,0.0047,0.0064,0.0038,0,0.0739,0.0421,0.0012,0.046,0.0307,0.0012
C57BL/6,RL-07,Jax,178,1,5.029383778,3.260866072,13430543.74,0.247,0.445,0.0518,0.0396,0.729,0.158,0.0616,0.0137,0,0.769,0.327,0.219,0.0305,0.0923,0.0783,0.06,0.133,0.135,0.0305,0.0743,0.0575,0.0023,0.0101,0.0111,0,0.0039,0.0046,0,0.0387,0.0445,0.0012,0.0224,0.0334,0
C57BL/6,RL-07,Jax,179,1,5.096910013,3.343736735,15387632.68,0.187,0.335,0.0653,0.0857,0.804,0.195,0.0854,0.0244,0,0.571,0.297,0.129,0.0491,0.151,0.0719,0.0526,0.175,0.0212,0.0079,0.0728,0.0138,0.001,0.0138,0.0021,0.001,0.0059,0.0011,0,0.0492,0.0064,0,0.0276,0.0032,0
C57BL/6,RL-07,Jax,180,1,4.959041392,3.604226053,14038895.9,0.255,0.44,0.0489,0.0752,0.731,0.103,0.0513,0,0.0085,0.55,0.319,0.183,0.0592,0.171,0.0519,0.14,0.103,0.123,0.0231,0.0798,0.0358,0.0048,0.0059,0.0092,0.0014,0.0017,0.002,0,0.0348,0.0297,0.0039,0.0195,0.0215,0.0019
C57BL/6,RL-07,Jax,181,1,4.77815125,3.167317335,16632749.05,0.28,0.488,0.0762,0.0488,0.705,0.136,0.04,0.06,0,0.52,0.296,0.176,0.0514,0.118,0.0488,0.0552,0.361,0.131,0.0787,0.0501,0.041,0.0015,0.0343,0.0198,0.0076,0.0231,0.0144,0.003,0.0376,0.0342,0.0015,0.0218,0.0253,0
C57BL/6,RL-07,Jax,182,1,,,,,,,,,,,,,,,,,,,,,,,,,,,,,,,,,,,,,
,,,,,,,,,,,,,,,,,,,,,,,,,,,,,,,,,,,,,,,,,
CC002,RL-13,UNC,225,1,5.089905111,2.832508913,6646800,0.273,0.529,0.148,0.279,0.706,0.0465,0.0967,0.0257,0.0049,0.394,0.248,0.0901,0.0222,0.0997,0.0762,0.0479,0.245,0.0137,0.0191,0.012,0.0082,0,0.161,0.0109,0,0.048,0.0027,0,0.0081,0.008,0,0.0059,0.008,0.0007
CC002,RL-13,UNC,226,1,5.017033339,2.968482949,6040800,0.313,0.324,0.0972,0.528,0.68,0.0755,0.166,0.0766,0.0119,0.64,0.19,0.0653,0.0109,0.0844,0.0903,0.0725,0.147,0.0129,0.0258,0.0093,0,0.0074,0.0765,0.0055,0.0148,0.0224,0,0,0.0094,0.0041,0.0003,0.0106,0.0036,0.0003
CC002,RL-13,UNC,227,1,4.755874856,3.45331834,4700400,0.289,0.536,0.126,0.297,0.702,0.0577,0.11,0.0807,0.0074,0.498,0.0992,0.0729,0.0123,0.0916,0.077,0.0846,0.0171,0.0493,0.0602,0.0019,0,0,0.0133,0.0141,0.015,0.0019,0,0.0075,0.0026,0.008,0,0.003,0.0113,0
CC002,RL-13,UNC,228,1,5.495081584,2.568201724,2877600,0.157,0.157,0.0581,0.513,0.668,0.274,0.129,0,0,0.79,0.126,0.0362,0.0082,0.124,0.128,0.136,0.0402,0.0267,0.0355,0.0019,0,0,0.0402,0.0334,0.0385,0,0,0.003,0.003,0.0011,0,0.003,0.0011,0
CC002,RL-13,UNC,229,1,5.537399284,3.897627091,2834400,0.277,0.48,0.129,0.326,0.71,0.0652,0.106,0.0647,0.0054,0.579,0.214,0.0671,0.0083,0.102,0.099,0.111,0.0855,0.0449,0.0142,0.0041,0.0037,0,0.0978,0.0599,0.0511,0.0183,0.0112,0,0.0035,0.0035,0,0.0045,0.003,0
CC002,RL-13,UNC,230,0,5.667141519,3.148191196,8733600,0.271,0.42,0.143,0.386,0.721,0.0475,0.138,0.0594,0.0075,0.566,0.236,0.0828,0.0119,0.0916,0.128,0.156,0.0721,0.0495,0.0107,0.0088,0.011,0,0.0808,0.121,0.0188,0.0211,0.011,0,0.0036,0.0039,0,0.0036,0.003,0
CC002,RL-13,UNC,231,0,5.707570176,3.026669428,7759200,0.216,0.426,0.152,0.364,0.77,0.0513,0.115,0.0169,0.0032,0.481,0.188,0.0481,0.0058,0.09,0.0801,0.0575,0.0123,0.0083,0.0142,0.0044,0,0,0.0229,0.0062,0.0142,0.0018,0.0021,0,0.0021,0.0058,0.0004,0.0015,0.0053,0.0004
CC002,RL-13,UNC,232,0,6.290034611,3.937852093,7548000,0.213,0.45,0.131,0.368,0.782,0.126,0.109,0.028,0.0027,0.583,0.107,0.0565,0.006,0.103,0.0475,0.0694,0.0052,0.0439,0.0373,0.0017,0,0.0034,0.0105,0.0351,0.0305,0,0,0,0,0.0025,0,0,0.002,0
CC002,RL-13,UNC,233,0,6.264817823,3.305351369,6033600,0.257,0.402,0.101,0.46,0.733,0.0691,0.141,0.0475,0.0076,0.502,0.251,0.0709,0.0088,0.0764,0.0898,0.0552,0.185,0.0307,0.0538,0.0075,0.0068,0.0161,0.138,0.0102,0.0215,0.0376,0.0034,0,0.0154,0.0062,0.0003,0.0149,0.0046,0.0003
CC002,RL-13,UNC,234,0,6.103803721,4.579783597,1722000,0.242,0.455,0.112,0.39,0.752,0.0863,0.117,0.0349,0.0027,0.547,0.107,0.0386,0.004,0.0639,0.0717,0.0283,0.0108,0.0294,0,0,0.0098,0,0.0072,0.0098,0,0,0.0098,0,0.0006,0.0018,0.0008,0.0006,0.0009,0.0008
CC003,RL-13,UNC,235,0,6.209515015,5.384711743,12216000,0.266,0.571,0.0595,0.277,0.717,0.0548,0.0367,0.0027,0.0013,0.561,0.122,0.0403,0.0106,0.116,0.119,0.106,0.0264,0.0725,0.0394,0.0211,0.0052,0.0148,0.0474,0.114,0.0197,0.0066,0.0104,0,0.0011,0.0009,0,0.0006,0.0009,0
CC003,RL-13,UNC,236,0,6.209515015,3.174156759,11901600,0.357,0.638,0.0489,0.242,0.623,0.0441,0.0274,0.0039,0.0004,0.462,0.0994,0.0601,0.0109,0.128,0.119,0.128,0.0974,0.1,0.0352,0.0092,0.0237,0.0059,0.0895,0.0976,0.0528,0.0303,0.0264,0,0.0082,0.0048,0,0.0062,0.0026,0
CC003,RL-13,UNC,237,0,6.506053817,4.397940009,13092000,0.26,0.478,0.0439,0.36,0.718,0.0778,0.0441,0.0059,0.0015,0.547,0.144,0.0403,0.0159,0.0961,0.121,0.116,0.0656,0.0656,0.0566,0.0214,0.0109,0.0061,0.0696,0.164,0.0707,0.0134,0.0109,0.002,0.0026,0,0,0.0026,0,0
CC003,RL-13,UNC,238,0,6.753327667,3.711807229,19488000,0.257,0.574,0.0458,0.281,0.724,0.0482,0.0372,0.0069,0.0017,0.504,0.115,0.0536,0.0115,0.143,0.126,0.13,0.0305,0.0419,0.0215,0.0074,0.0079,0.0029,0.0508,0.0524,0.0215,0.0043,0.0092,0,0.0008,0.0079,0,0.0005,0.0064,0
CC003,RL-13,UNC,239,0,6.649334859,6.049218023,12504000,0.241,0.474,0.0376,0.392,0.736,0.051,0.0404,0.0037,0.0009,0.568,0.115,0.0248,0.0169,0.114,0.0657,0.111,0.0463,0.0696,0.0255,0.0011,0.0087,0.0085,0.0463,0.0174,0.0255,0.0063,0,0,0.0017,0,0,0.0008,0.0008,0
CC003,RL-13,UNC,240,1,6.280274774,4.086359831,13020000,0.303,0.554,0.0699,0.299,0.68,0.0523,0.0707,0.002,0.0007,0.473,0.0785,0.0455,0.0179,0.137,0.038,0.113,0.045,0.0374,0.0335,0.0071,0.0093,0.0042,0.0582,0.0093,0.0544,0.0071,0.0093,0,0.0007,0.0004,0,0.0003,0.0004,0
CC003,RL-13,UNC,241,1,6.223582462,3.049218023,8932800,0.29,0.548,0.0714,0.301,0.694,0.0464,0.0447,0.0053,0.0017,0.596,0.103,0.059,0.0221,0.16,0.0641,0.0427,0.0958,0.0551,0.0729,0.01,0.0085,0.0208,0.1,0.0127,0.0312,0.021,0.0042,0.0104,0.0008,0.0013,0,0.0012,0.0013,0
CC003,RL-13,UNC,242,1,6.681241237,4.449735454,5814000,0.364,0.446,0.0479,0.35,0.587,0.0972,0.0556,0.0093,0.0047,0.512,0.196,0.0665,0.0197,0.104,0.0635,0.0506,0.161,0.048,0.0526,0.0118,0.0218,0.0066,0.158,0.0349,0,0.0531,0.0087,0,0.0061,0.0007,0,0.0061,0.0007,0
CC003,RL-13,UNC,243,1,5.785329835,2.770852012,14736000,0.363,0.566,0.0811,0.285,0.621,0.0275,0.0399,0.0037,0.0013,0.522,0.153,0.0375,0.0114,0.139,0.0973,0.0576,0.175,0.0637,0.0343,0.0197,0.0075,0.0049,0.16,0.0599,0.0196,0.0532,0.0112,0.0049,0.0087,0.0038,0.0003,0.0097,0.0038,0.0003
CC003,RL-13,UNC,244,1,7.029383778,4.498310554,8084400,0.261,0.493,0.0549,0.323,0.717,0.0691,0.0466,0.0038,0.0012,0.54,0.183,0.101,0.0395,0.11,0.0957,0.0836,0.0508,0.0697,0.0994,0.0045,0.0045,0.0353,0.0753,0.0764,0.0929,0.01,0.018,0.0064,0.0003,0.004,0.0003,0.0003,0.0031,0.0003
CC011,RL-13,UNC,245,0,5.716003344,3.763427994,9492000,0.541,0.21,0.0141,0.727,0.412,0.05,0.051,0.0361,0.0017,0.739,0.195,0.0243,0.025,0.0977,0.0762,0.0667,0.0199,0.0054,0.0045,0.0022,0,0.0006,0.0318,0.032,0.0251,0.0084,0.0043,0.0039,0.0089,0.0007,0.0003,0.0051,0.0004,0
CC011,RL-13,UNC,246,0,7.139879086,3.582063363,4968000,0.813,0.0284,0.0047,0.938,0.163,0.0563,0.0721,0.0594,0.0018,0.735,0.2,0.0535,0.0561,0.0391,0.146,0.094,0.0211,0.0038,0,0.0015,0,0.0052,0.0271,0.0363,0.0339,0.006,0.0095,0,0.0075,0.0009,0.0009,0.0049,0,0
CC011,RL-13,UNC,247,0,6.698970004,4.556302501,10483200,0.482,0.0933,0.0108,0.865,0.463,0.0601,0.0418,0.0309,0.0012,0.653,0.218,0.0555,0.0465,0.0749,0.0687,0.0593,0.0261,0.003,0.0024,0.0011,0,0,0.032,0.0259,0.0508,0.0091,0.004,0.0012,0.0051,0.0012,0.0007,0.003,0.0008,0.0002
CC011,RL-13,UNC,248,0,5.826074803,4.370451404,13008000,0.428,0.289,0.03,0.629,0.541,0.117,0.0392,0.0373,0.0028,0.772,0.104,0.0406,0.0416,0.103,0.0523,0.0557,0.0027,0.0057,0.001,0,0,0,0.0054,0.0038,0.0117,0.0007,0,0.001,0.0008,0.0007,0,0.0002,0.0003,0
CC011,RL-13,UNC,249,0,6.08278537,4.462397998,13332000,0.462,0.186,0.0228,0.734,0.505,0.122,0.051,0.0302,0.0031,0.777,0.312,0.116,0.089,0.101,0.0465,0.0287,0.0246,0.012,0.0041,0.0038,0,0,0.036,0.0017,0,0.0129,0,0,0.0048,0.002,0.0004,0.0013,0.0008,0.0000708
CC011,RL-13,UNC,250,1,5.207724107,1.477121255,5836800,0.494,0.0896,0.0189,0.842,0.47,0.0502,0.0541,0.0268,0.0025,0.583,0.2,0.062,0.0365,0.0941,0.067,0.0324,0.0195,0.0044,0.0027,0.0026,0.0029,0.0027,0.0183,0.0059,0,0.0041,0.0015,0,0.0101,0.0031,0.0011,0.0043,0.0014,0.0003
CC011,RL-13,UNC,251,1,5.397940009,1.77815125,5308800,0.638,0.0407,0.004,0.928,0.321,0.0414,0.0681,0.0464,0.0012,0.675,0.209,0.0442,0.0178,0.0478,0.065,0.0229,0.0496,0,0.014,0.0049,0.0015,0.0047,0.0482,0.0182,0.0187,0.0112,0,0,0.0071,0.0007,0.0003,0.0043,0.0003,0.0001
CC011,RL-13,UNC,252,1,5.227029262,2.672097858,5206800,0.577,0.0611,0.0091,0.899,0.384,0.079,0.104,0.0335,0.0027,0.601,0.172,0.0404,0.0262,0.0992,0.0847,0.0579,0.0323,0,0,0.0016,0,0,0.035,0.0178,0.0102,0.0138,0.0027,0,0.0059,0.0014,0.0005,0.0039,0.0004,0
CC011,RL-13,UNC,253,1,5.195899652,2.342422681,10735200,0.256,0.195,0.0225,0.701,0.696,0.0298,0.0299,0.0154,0.0012,0.498,0.268,0.0355,0.0201,0.056,0.0931,0.0844,0.0244,0.0025,0.0018,0.0035,0.0008,0.0003,0.0311,0.0882,0.0347,0.0078,0.0082,0.0006,0.0117,0.0021,0.0008,0.0061,0.0006,0.0000979
CC011,RL-13,UNC,254,1,,,,,,,,,,,,,,,,,,,,,,,,,,,,,,,,,,,,,
CC025,RL-13,UNC,255,0,7.096910013,3.662757832,5518800,0.45,0.247,0.115,0.53,0.525,0.112,0.155,0.0542,0.0067,0.677,0.245,0.0489,0.036,0.0791,0.187,0.163,0.0482,0.0192,0.0435,0.0059,0,0.0048,0.0764,0.0314,0.266,0.0423,0.0131,0.0628,0.016,0.0018,0,0.0138,0.0013,0
CC025,RL-13,UNC,256,0,7.23299611,4.45484486,10262400,0.561,0.131,0.114,0.618,0.404,0.0642,0.0875,0.0255,0,0.518,0.0717,0.013,0.06,0.106,0.265,0.192,0.0134,0.0032,0.0444,0,0,0,0.0217,0.0128,0.0222,0.0083,0.0032,0,0.0053,0.0013,0,0.0032,0,0
CC025,RL-13,UNC,257,0,6.939519253,4.465382851,8378400,0.54,0.365,0.213,0.357,0.432,0.059,0.096,0.0141,0.0026,0.634,0.0563,0.0182,0.0109,0.153,0.199,0.188,0.0011,0.0083,0.0101,0.0012,0,0.001,0.0059,0.0133,0.222,0.0013,0.0027,0.0331,0.0007,0.0004,0.000085,0.0004,0.0003,0
CC025,RL-13,UNC,258,0,7.552668216,4.004321374,9240000,0.591,0.0927,0.055,0.774,0.389,0.219,0.135,0.0651,0.0152,0.699,0.393,0.164,0.137,0.0441,0.0759,0.0553,0.0484,0.022,0.0248,0.0037,0.0055,0.0083,0.0726,0.0934,0.0992,0.0317,0.022,0.0248,0.0225,0.0074,0.0007,0.015,0.0037,0
CC025,RL-13,UNC,259,0,,,,,,,,,,,,,,,,,,,,,,,,,,,,,,,,,,,,,
CC025,RL-13,UNC,260,1,5.963787827,3.774516966,9519600,0.412,0.443,0.195,0.295,0.57,0.0653,0.0836,0.0318,0.0071,0.571,0.106,0.0332,0.023,0.117,0.171,0.101,0.0032,0.004,0.0158,0.0016,0.0008,0.0045,0.0048,0.0047,0.0135,0,0.0008,0.0023,0.0014,0.0013,0.0003,0.0014,0.0013,0.0003
CC025,RL-13,UNC,261,1,5.977723605,4.23299611,8158800,0.429,0.259,0.166,0.495,0.551,0.0843,0.139,0.048,0.0069,0.53,0.118,0.0549,0.0289,0.079,0.189,0.169,0.0036,0.0109,0.0069,0,0.003,0.0009,0.0189,0.0693,0.0356,0.0036,0.0089,0.0017,0.0003,0.0017,0.0004,0.0003,0.0008,0
CC025,RL-13,UNC,262,1,5.168301015,3.250420002,6723600,0.492,0.438,0.186,0.323,0.485,0.0431,0.0449,0.0129,0.0034,0.407,0.0638,0.0186,0.0098,0.0907,0.177,0.182,0.0079,0.0018,0.0018,0,0,0,0.0087,0.0318,0.0622,0.0035,0.0055,0.0027,0.0017,0.0009,0.0002,0.001,0.0007,0.0002
CC025,RL-13,UNC,263,1,5.92289838,3.397940009,10416000,0.467,0.351,0.194,0.387,0.508,0.0669,0.092,0.0359,0.0079,0.522,0.0802,0.0339,0.0177,0.125,0.244,0.208,0.003,0.0064,0.0019,0.0006,0.0003,0,0.0183,0.0304,0.0795,0.0064,0.0043,0.0131,0.0014,0.0024,0.0002,0.0008,0.0023,0.0001
CC025,RL-13,UNC,264,1,6.008600172,3.906694111,17424000,0.388,0.306,0.191,0.423,0.59,0.0545,0.0758,0.0365,0.0079,0.519,0.114,0.0259,0.0201,0.085,0.262,0.234,0.0246,0.0083,0.0036,0.0009,0,0,0.039,0.0066,0.0091,0.0195,0,0,0.0032,0.0007,0,0.0032,0.0007,0
CC031,RL-13,UNC,265,0,5.672097858,5.093421685,10072800,0.275,0.305,0.067,0.46,0.694,0.164,0.0753,0.0067,0.0003,0.624,0.425,0.198,0.12,0.269,0.163,0.193,0.028,0.0225,0.0149,0.0131,0.0026,0.0009,0.101,0.0052,0.0114,0.0377,0.0009,0.0018,0.003,0.005,0,0.0024,0.0043,0
CC031,RL-13,UNC,266,0,5.603505232,3.290034611,13944000,0.238,0.294,0.12,0.458,0.738,0.0589,0.153,0.0139,0.0017,0.469,0.262,0.155,0.0967,0.142,0.135,0.187,0.0017,0.01,0.0104,0.005,0.002,0.0064,0.0151,0.006,0.0212,0.0019,0.002,0.002,0.0009,0.0155,0.0014,0.0005,0.0122,0.0011
CC031,RL-13,UNC,267,0,5.599155001,4.90579588,7240800,0.324,0.201,0.045,0.519,0.631,0.149,0.129,0.0128,0.0018,0.695,0.411,0.194,0.187,0.221,0.13,0.127,0.099,0.0434,0.0373,0.0293,0.0183,0.0351,0.157,0.016,0.0154,0.0834,0.0046,0,0.0159,0.0105,0,0.0144,0.008,0
CC031,RL-13,UNC,268,0,5.51763569,3.957447649,7959600,0.264,0.246,0.0884,0.54,0.706,0.0594,0.134,0.0176,0.0019,0.436,0.289,0.157,0.152,0.161,0.108,0.092,0.0109,0.022,0.0275,0.0138,0.0037,0.0137,0.0392,0.0137,0.0114,0.0094,0.0055,0.0023,0.0064,0.0128,0.0021,0.0043,0.0119,0.0021
CC031,RL-13,UNC,269,0,5.639486489,3.788875116,9284400,0.311,0.335,0.137,0.392,0.655,0.0659,0.121,0.0099,0.0008,0.477,0.254,0.18,0.106,0.216,0.182,0.124,0.0258,0.0106,0.0159,0.0184,0.0144,0.0088,0.102,0.0091,0.0115,0.0297,0.0024,0.0011,0.0078,0.0122,0.0006,0.0061,0.0109,0.0005
CC031,RL-13,UNC,270,1,4.301029996,3.544068044,7724400,0.224,0.36,0.145,0.391,0.754,0.0397,0.131,0.023,0.0033,0.408,0.211,0.215,0.0609,0.112,0.138,0.0846,0.01,0.0092,0.0094,0.0093,0.0028,0.0024,0.0438,0.0681,0.0141,0.0085,0.0041,0.0012,0.0049,0.055,0.0025,0.004,0.0614,0.0025
CC031,RL-13,UNC,271,1,4.322219295,2.531478917,8974800,0.315,0.328,0.16,0.417,0.655,0.0324,0.121,0.0108,0.0007,0.395,0.208,0.0861,0.0161,0.161,0.21,0.17,0.0479,0.004,0.0031,0.0165,0.002,0.0005,0.0836,0.0531,0.0175,0.0268,0.0032,0,0.0129,0.0125,0,0.0124,0.0124,0
CC031,RL-13,UNC,272,1,4.301029996,2.67669361,20856000,0.279,0.354,0.137,0.39,0.686,0.0292,0.0992,0.0145,0.0017,0.389,0.275,0.119,0.0358,0.112,0.182,0.138,0.0291,0.0134,0.0049,0.0135,0.0018,0.0016,0.0649,0.0784,0.0448,0.0203,0.0067,0.0011,0.0206,0.0354,0.0014,0.0186,0.0383,0.0013
CC031,RL-13,UNC,273,1,4.278753601,3.353467414,21216000,0.275,0.318,0.112,0.486,0.699,0.0326,0.105,0.0167,0.0014,0.34,0.309,0.138,0.0448,0.115,0.146,0.132,0.0429,0.0085,0.0025,0.0115,0.0013,0.0025,0.101,0.0289,0.0339,0.034,0.0026,0.0019,0.0207,0.0258,0.0005,0.0189,0.0247,0.0006
CC031,RL-13,UNC,274,1,4.748188027,2.62838893,8382000,0.34,0.36,0.133,0.419,0.621,0.0332,0.0954,0.0147,0.002,0.328,0.12,0.119,0.0416,0.107,0.154,0.139,0.0019,0.0009,0.0069,0.0019,0,0.0023,0.0124,0.0079,0.0254,0,0,0.0035,0.0017,0.0174,0.0005,0.0017,0.0159,0.0002
CC036,RL-13,UNC,275,0,5.780077171,1.698970004,3781200,0.379,0.367,0.142,0.435,0.6,0.0359,0.0935,0.0248,0.0023,0.447,0.125,0.0203,0.0084,0.164,0.18,0.123,0.0311,0.0137,0.0212,0.0019,0.0006,0,0.0276,0.0054,0.0017,0.0111,0.0012,0,0.0061,0.0016,0.0001,0.0086,0.0016,0.0001
CC036,RL-13,UNC,276,0,6.176091259,2.73239376,3542400,0.355,0.353,0.162,0.396,0.618,0.136,0.114,0.0305,0.0061,0.65,0.278,0.0498,0.0186,0.199,0.124,0.112,0.0751,0.0221,0.0381,0.0082,0,0.0006,0.0609,0.0032,0.0018,0.0323,0.0008,0,0.0202,0.0036,0.0000837,0.0243,0.0031,0
CC036,RL-13,UNC,277,0,6.209515015,3.736396502,6356400,0.306,0.513,0.302,0.115,0.674,0.0201,0.122,0.0082,0.0012,0.349,0.0809,0.0263,0.0061,0.247,0.363,0.325,0.0178,0.0052,0.0029,0.0035,0.0004,0.0004,0.017,0.0068,0.0032,0.0075,0.0008,0.0001,0.0035,0.0034,0.0000213,0.0042,0.0032,0.0000213
CC036,RL-13,UNC,278,0,5.954242509,3.823908741,6378000,0.366,0.489,0.162,0.235,0.576,0.0527,0.0705,0.0119,0.0019,0.504,0.148,0.0283,0.0114,0.213,0.21,0.222,0.0414,0.0162,0.0184,0.0037,0,0.0006,0.0379,0.0077,0.0096,0.0181,0.003,0.0006,0.0082,0.0014,0.0004,0.0102,0.0012,0.0003
CC036,RL-13,UNC,279,0,5.86923172,2,6398400,0.339,0.449,0.183,0.312,0.634,0.0339,0.0556,0.0072,0.0009,0.366,0.229,0.046,0.0122,0.17,0.238,0.209,0.0371,0.0082,0.0047,0.0044,0.0007,0.0002,0.044,0.0352,0.0215,0.0216,0.007,0.0025,0.0137,0.0047,0.0001,0.0153,0.0044,0.0001
CC036,RL-13,UNC,280,1,4.944482672,1.477121255,2155200,0.285,0.456,0.165,0.314,0.695,0.034,0.0776,0.0145,0.0021,0.369,0.328,0.0256,0.0119,0.137,0.146,0.139,0.0283,0.0058,0.0055,0.0032,0,0,0.0293,0.0136,0.0135,0.0129,0.0039,0.0021,0.0226,0.003,0.0005,0.0219,0.0024,0.0005
CC036,RL-13,UNC,281,1,5.522878745,0,3866400,0.336,0.357,0.102,0.472,0.635,0.0336,0.0557,0.0295,0.0021,0.602,0.367,0.0265,0.02,0.149,0.105,0.133,0.055,0.0115,0.0217,0.0118,0.0008,0,0.0683,0.0041,0.0263,0.0362,0.0008,0.0031,0.0577,0.0039,0.0008,0.0663,0.0038,0.0007
CC036,RL-13,UNC,282,1,6.553073531,0,3540000,0.761,0.0705,0.0233,0.839,0.217,0.0215,0.0398,0.0372,0.0006,0.531,0.241,0.0195,0.0154,0.0448,0.116,0.0305,0.007,0.0121,0.0062,0.0019,0,0,0.0867,0.0121,0.525,0.0165,0.0017,0.166,0.0034,0.0003,0,0.0046,0.0001,0
CC036,RL-13,UNC,283,1,4.505149978,2.342422681,5529600,0.304,0.525,0.216,0.21,0.675,0.0155,0.0836,0.0112,0.001,0.403,0.183,0.0164,0.0042,0.158,0.172,0.0332,0.0206,0.0061,0.0014,0.0025,0.0002,0,0.0142,0.0018,0,0.0071,0.0002,0,0.0118,0.0016,0.0000515,0.0115,0.0016,0.0002
CC036,RL-13,UNC,284,1,,,,,,,,,,,,,,,,,,,,,,,,,,,,,,,,,,,,,
C57BL/6,RL-13,Jax,285,0,6.095750347,4.12926011,7476000,0.421,0.403,0.31,0.239,0.532,0.0481,0.0645,0.0078,0.0011,0.572,0.262,0.043,0.0209,0.206,0.248,0.168,0.0406,0.0033,0.0035,0.0437,0.0097,0.0062,0.0374,0.005,0.0035,0.016,0.0004,0.0002,0.0192,0.0047,0.0005,0.0188,0.0044,0.0005
C57BL/6,RL-13,Jax,286,0,6.26245109,5.27989498,15240000,0.211,0.349,0.148,0.462,0.782,0.0847,0.0703,0.0119,0.0016,0.617,0.361,0.109,0.0741,0.176,0.141,0.126,0.096,0.0079,0.0318,0.0432,0.0291,0.0233,0.152,0.0117,0.0237,0.0753,0.0025,0.005,0.0258,0.0123,0.001,0.0253,0.0117,0.0009
C57BL/6,RL-13,Jax,287,0,6.187520721,4.822821645,7302000,0.235,0.333,0.157,0.468,0.758,0.0987,0.0749,0.0118,0.0017,0.696,0.361,0.113,0.0337,0.193,0.181,0.192,0.229,0.0246,0.0347,0.0426,0.0219,0.0071,0.305,0.0152,0.0744,0.169,0.0057,0.0143,0.0501,0.0137,0.0005,0.054,0.0128,0.0004
C57BL/6,RL-13,Jax,288,0,6.342422681,5.041392685,3656400,0.216,0.314,0.203,0.442,0.775,0.0766,0.0537,0.0063,0.0005,0.632,0.359,0.0992,0.0381,0.247,0.26,0.256,0.0406,0.0456,0.0242,0.0238,0.009,0.0038,0.0853,0.0464,0.0183,0.0371,0.0148,0.0071,0.0094,0.0043,0.0004,0.0081,0.0038,0.0003
C57BL/6,RL-13,Jax,289,0,6.799340549,5.986771734,3481200,0.211,0.322,0.15,0.48,0.776,0.169,0.0556,0.0096,0.0005,0.72,0.402,0.14,0.0711,0.168,0.168,0.164,0.0298,0.0315,0.023,0.0146,0.0095,0.0028,0.0582,0.0278,0.0148,0.0248,0.0081,0.0038,0.0091,0.0036,0.0000726,0.0086,0.0035,0.0000726
C57BL/6,RL-13,Jax,290,1,5.176091259,3.146128036,6286800,0.272,0.335,0.233,0.397,0.72,0.0673,0.0681,0.0102,0.0013,0.591,0.246,0.0392,0.0117,0.161,0.242,0.246,0.0275,0.0045,0.0018,0.0113,0.0009,0.0011,0.027,0.0087,0.0047,0.01,0.0009,0.0005,0.015,0.0055,0.0000901,0.0143,0.0061,0.0000901
C57BL/6,RL-13,Jax,291,1,5.470312467,4.08517161,4514400,0.308,0.311,0.176,0.482,0.685,0.053,0.0614,0.0065,0.001,0.641,0.145,0.0432,0.0018,0.132,0.188,0.186,0.0041,0.0036,0.0049,0.0036,0,0,0.0065,0.0005,0,0.001,0,0,0.0015,0.0035,0,0.0019,0.0031,0
C57BL/6,RL-13,Jax,292,1,5.37900319,3.301029996,4066800,0.342,0.354,0.222,0.383,0.654,0.0745,0.0886,0.0123,0.0015,0.623,0.205,0.042,0.0333,0.204,0.161,0.0104,0.0529,0.001,0.0217,0.0211,0.0029,0.0652,0.0389,0.001,0,0.014,0.001,0,0.0166,0.0034,0.0009,0.0163,0.0032,0.0009
C57BL/6,RL-13,Jax,293,1,5.755874856,4.662757832,6102000,0.3,0.393,0.143,0.424,0.691,0.0977,0.0717,0.01,0.0016,0.649,0.315,0.078,0.0415,0.136,0.138,0.0396,0.0392,0.0176,0.0097,0.0168,0.0081,0.0169,0.049,0.0266,0,0.0168,0.0033,0,0.0095,0.0054,0.0001,0.0081,0.0053,0.0001
C57BL/6,RL-13,Jax,294,1,5.697810339,2.643452676,3351600,0.541,0.152,0.11,0.697,0.454,0.0839,0.0542,0.006,0.0018,0.547,0.344,0.0682,0.0559,0.168,0.298,0.269,0.0938,0.0119,0.006,0.0323,0.0021,0.0046,0.0685,0.0209,0.0087,0.0355,0.0029,0.0023,0.0398,0.0091,0.0006,0.04,0.0089,0.0006
,,,,,,,,,,,,,,,,,,,,,,,,,,,,,,,,,,,,,,,,,
CC001,RL-22,UNC,337,0,5.493225622,2.781755375,11931600,0.427,0.459,0.43,0.0521,0.569,0.633,0.0351,0.0201,0.0179,0.762,0.269,0.0776,0.0168,0.195,0.109,0.0237,0.14,0.0768,0.0332,0.0383,0.0148,0.0028,0.0114,0.005,0.0011,0.0032,0.0016,0.000094,0.0173,0.0074,0.0004,0.0202,0.0086,0.0008
CC001,RL-22,UNC,338,0,5.754348336,1.698970004,10137600,0.529,0.494,0.336,0.103,0.468,0.534,0.0353,0.0219,0.0259,0.676,0.23,0.0758,0.0163,0.144,0.0649,0.0268,0.146,0.0838,0.0273,0.0294,0.0121,0.0033,0.0125,0.0086,0.001,0.0046,0.0033,0.0002,0.017,0.0065,0.0004,0.0191,0.0078,0.0006
CC001,RL-22,UNC,339,0,6.882714228,3.146128036,36924000,0.57,0.442,0.299,0.133,0.426,0.546,0.0277,0.014,0.0147,0.684,0.259,0.111,0.0289,0.226,0.108,0.0358,0.158,0.109,0.032,0.033,0.0214,0.0013,0.0153,0.007,0.0013,0.0035,0.0027,0,0.0153,0.0086,0.0006,0.0153,0.008,0.0013
CC001,RL-22,UNC,340,0,6.1430148,2.230448921,21744000,0.459,0.472,0.35,0.116,0.539,0.613,0.0314,0.0181,0.0222,0.737,0.257,0.116,0.03,0.135,0.0878,0.0684,0.132,0.121,0.0407,0.0395,0.0136,0.0041,0.0113,0.0098,0.0014,0.0032,0.0032,0.0001,0.021,0.0075,0.0006,0.0228,0.0098,0.0011
CC001,RL-22,UNC,341,0,6.089905111,4.076761772,21768000,0.519,0.476,0.347,0.104,0.478,0.701,0.0273,0.015,0.0136,0.785,0.331,0.0875,0.0309,0.206,0.158,0.11,0.151,0.0602,0.0438,0.0349,0.019,0.0043,0.0096,0.0056,0.0013,0.0025,0.0013,0,0.0182,0.0089,0.0007,0.0204,0.0096,0.0016
CC001,RL-22,UNC,342,1,5.173186268,2.662757832,49284000,0.643,0.464,0.322,0.144,0.353,0.548,0.0413,0.055,0.0754,0.715,0.271,0.0983,0.0378,0.251,0.115,0.0715,0.2,0.136,0.0487,0.0256,0.0126,0.0076,0.0281,0.024,0.0066,0.015,0.0143,0.0007,0.0133,0.0103,0.0036,0.0148,0.0126,0.0033
CC001,RL-22,UNC,343,1,4.838849091,1.301029996,30408000,0.51,0.52,0.298,0.115,0.486,0.629,0.0318,0.037,0.0573,0.732,0.305,0.109,0.0354,0.236,0.0626,0.0655,0.232,0.141,0.0646,0.0306,0.018,0.0036,0.0274,0.0249,0.0044,0.011,0.0109,0.0014,0.0178,0.0129,0.0009,0.0213,0.0143,0.0012
CC001,RL-22,UNC,344,1,4.986771734,0,17400000,0.501,0.462,0.35,0.111,0.497,0.541,0.0403,0.0584,0.0877,0.703,0.194,0.0954,0.0131,0.155,0.0795,0.0489,0.184,0.108,0.0306,0.026,0.0168,0.0021,0.0401,0.0173,0.0025,0.0163,0.0079,0.0003,0.0141,0.0061,0.0001,0.0161,0.0098,0.0006
CC001,RL-22,UNC,345,1,5.255272505,3.161368002,18888000,0.558,0.595,0.298,0.0611,0.441,0.514,0.0261,0.0513,0.0847,0.672,0.152,0.129,0.0169,0.0948,0.0529,0.039,0.113,0.146,0.0354,0.0211,0.0269,0.001,0.0301,0.0388,0.002,0.0116,0.0202,0.0004,0.0099,0.0197,0.0000864,0.0126,0.022,0.0005
CC001,RL-22,UNC,346,1,5.416085498,2.643452676,33840000,0.501,0.47,0.414,0.0645,0.497,0.446,0.0462,0.0298,0.0358,0.625,0.14,0.049,0.01,0.0967,0.0509,0.0613,0.0955,0.0713,0.0304,0.0202,0.0152,0.0052,0.0144,0.0095,0.0011,0.0029,0.002,0,0.0083,0.0052,0.0004,0.0105,0.0063,0.0012
CC004,RL-22,UNC,347,0,5.740362689,2.84509804,22800000,0.416,0.675,0.229,0.038,0.574,0.292,0.127,0.0034,0.0022,0.48,0.0955,0.0102,0.0112,0.108,0.0827,0.0631,0.052,0.0267,0.0192,0.0163,0.0028,0.0068,0.0014,0.0019,0.0011,0,0,0,0.0055,0.0004,0.0008,0.006,0.0007,0.0016
CC004,RL-22,UNC,348,0,6.093421685,1.301029996,25884000,0.422,0.641,0.238,0.0579,0.566,0.263,0.111,0.0077,0.0032,0.441,0.125,0.0407,0.0238,0.147,0.107,0.113,0.0627,0.0489,0.0345,0.022,0.0241,0.0061,0.0021,0.0148,0.0007,0,0,0,0.0083,0.0025,0.0015,0.0098,0.0048,0.0024
CC004,RL-22,UNC,349,0,5.913813852,5.071882007,15744000,0.256,0.566,0.215,0.14,0.732,0.234,0.0847,0.0062,0.0023,0.391,0.171,0.0361,0.0358,0.156,0.0651,0.0779,0.137,0.0453,0.0358,0.0251,0.0058,0.0268,0.0155,0.0048,0.0075,0.0012,0.0007,0,0.0131,0.002,0.0015,0.0155,0.002,0.0045
CC004,RL-22,UNC,350,0,5.539912085,5.286680969,25884000,0.408,0.664,0.263,0.028,0.582,0.415,0.0935,0.0042,0.0016,0.546,0.205,0.0693,0.0479,0.16,0.0981,0.0907,0.104,0.0766,0.0395,0.0329,0.0112,0.0052,0.0114,0.0075,0.002,0.0018,0.0013,0,0.0104,0.0061,0.0015,0.013,0.0081,0.002
CC004,RL-22,UNC,351,0,6.037426498,4.231299645,18888000,0.489,0.648,0.251,0.0495,0.497,0.307,0.0935,0.005,0.0031,0.443,0.116,0.0393,0.032,0.108,0.0767,0.0652,0.0828,0.0573,0.0426,0.0216,0.01,0.0056,0.0056,0.002,0.0028,0.0003,0.0002,0,0.0087,0.0032,0.0017,0.0104,0.0037,0.0015
CC004,RL-22,UNC,352,1,5.117271296,3.528059258,15660000,0.41,0.712,0.221,0.0292,0.581,0.227,0.103,0.0138,0.0032,0.39,0.0892,0.025,0.0096,0.129,0.0956,0.0363,0.0948,0.05,0.0269,0.0213,0.0169,0.0019,0.005,0.0088,0.0003,0.0002,0,0,0.0078,0,0.0005,0.0106,0.0037,0.0005
CC004,RL-22,UNC,353,1,5.919078092,3.703291378,20784000,0.346,0.665,0.206,0.0542,0.644,0.365,0.12,0.0066,0.0023,0.577,0.111,0.0316,0.0172,0.107,0.0566,0.0236,0.063,0.0521,0.0372,0.0175,0.0035,0.0058,0.0019,0.002,0.0002,0,0,0,0.0046,0.0007,0.0012,0.0051,0.0019,0.0016
CC004,RL-22,UNC,354,1,6.209515015,3.740362689,18084000,0.348,0.642,0.261,0.037,0.643,0.38,0.0936,0.0074,0.0032,0.527,0.119,0.0433,0.0319,0.182,0.132,0.0854,0.0423,0.0468,0.0376,0.0211,0.0025,0.0046,0.0035,0.0004,0.0002,0,0,0,0.0046,0.001,0.0011,0.006,0.0012,0.0015
CC004,RL-22,UNC,355,1,5.691965103,4.017033339,10965600,0.549,0.709,0.211,0.0397,0.443,0.238,0.0904,0.0083,0.0033,0.478,0.0701,0.0305,0.0087,0.147,0.124,0.0788,0.042,0.0356,0.0207,0.0163,0.0044,0.0008,0.0037,0.0004,0.0002,0,0,0,0.0034,0.0014,0,0.0044,0.0017,0.0002
CC004,RL-22,UNC,356,1,6.161368002,4.539076099,13608000,0.37,0.682,0.255,0.0241,0.614,0.272,0.109,0.0103,0.004,0.473,0.0782,0.0359,0.0129,0.125,0.0426,0.105,0.0196,0.0677,0.0151,0.017,0.008,0.004,0.0017,0.004,0.0003,0,0,0,0.0021,0.004,0.0005,0.0031,0.008,0.0012
CC012,RL-22,UNC,357,0,5.392110465,1,39888000,0.474,0.467,0.364,0.0744,0.512,0.291,0.0726,0.0043,0.0031,0.472,0.0858,0.0136,0.0149,0.133,0.0476,0.0592,0.0766,0.0324,0.0347,0.023,0.0153,0.0198,0.0092,0.0034,0.005,0,0.0017,0,0.0107,0.0034,0,0.0107,0.0017,0
CC012,RL-22,UNC,358,0,5.719331287,3.204119983,19548000,0.359,0.538,0.373,0.037,0.633,0.286,0.0533,0.0026,0.0023,0.425,0.116,0.0169,0.0083,0.162,0.0755,0.0961,0.0989,0.0333,0.0226,0.0429,0.0208,0.0226,0.0077,0.0039,0.0029,0,0,0,0.0253,0.0029,0.0003,0.0231,0.0048,0.0032
CC012,RL-22,UNC,359,0,5.582063363,1.698970004,21588000,0.444,0.466,0.359,0.1,0.537,0.414,0.054,0.0059,0.0062,0.587,0.194,0.0298,0.0178,0.184,0.0294,0.0406,0.149,0.0534,0.0438,0.0482,0.0118,0.0219,0.0088,0.0011,0.003,0,0,0,0.0249,0.0034,0.0012,0.0169,0.0034,0.0018
CC012,RL-22,UNC,360,0,5.301029996,3.228742458,25656000,0.528,0.447,0.424,0.0747,0.457,0.262,0.0573,0.0046,0.0041,0.44,0.0582,0.0191,0.0035,0.129,0.038,0.0279,0.0507,0.035,0.0134,0.0244,0.0127,0.0028,0.0038,0,0.0014,0,0,0,0.0113,0,0,0.0075,0.0032,0
CC012,RL-22,UNC,361,0,6.256878032,2.973127854,15192000,0.495,0.506,0.347,0.0636,0.49,0.293,0.0569,0.01,0.0109,0.439,0.0672,0.0088,0.007,0.13,0.0443,0.0391,0.0502,0.0064,0.0116,0.0194,0.0076,0.0041,0.0023,0.0006,0.0017,0.0003,0,0,0.005,0.0003,0.0008,0.005,0.0015,0
CC012,RL-22,UNC,362,1,5.412740467,2.932811869,31884000,0.432,0.608,0.232,0.0808,0.543,0.496,0.0753,0.0068,0.0081,0.638,0.259,0.0196,0.0024,0.128,0.0333,0.0134,0.119,0.0257,0.0223,0.0591,0.0088,0.0036,0.0044,0,0.0006,0.0004,0,0,0.0301,0.002,0,0.0206,0.0014,0
CC012,RL-22,UNC,363,1,5.462397998,1.301029996,13848000,0.465,0.459,0.446,0.0135,0.528,0.0882,0,0,0,0.176,0.0314,0.0057,0.0024,0.0435,0.0135,0.0109,0.0228,0.0191,0.0165,0.019,0.0016,0.0024,0.0076,0.0004,0,0,0,0,0.0029,0.0008,0,0.0029,0.0008,0
CC012,RL-22,UNC,364,1,3.301029996,1.698970004,11808000,0.495,0.608,0.278,0.0444,0.486,0.578,0.0325,0.0073,0.0076,0.725,0.5,0.0994,0.0198,0,0.0355,0.0266,0.25,0.0852,0.0213,0,0.0339,0.0089,0,0.0051,0.0007,0,0.0011,0.0002,0,0.0226,0.0016,0,0.0178,0.0016
CC012,RL-22,UNC,365,1,5.247973266,0,53784000,0.548,0.64,0.246,0.0504,0.437,0.547,0.0588,0.0066,0.0051,0.72,0.284,0.0368,0.0219,0.131,0.0271,0.0044,0.158,0.0358,0.0235,0.0361,0.0068,0.0118,0.0037,0,0.0011,0.0006,0,0,0.0263,0.0019,0.0011,0.0171,0.0019,0.0005
CC012,RL-22,UNC,366,1,4.892094603,1.698970004,18156000,0.585,0.559,0.354,0.0407,0.4,0.419,0.0497,0.0115,0.0112,0.623,0.149,0.0319,0.0131,0.111,0.0092,0.0064,0.122,0.0428,0.0288,0.0486,0.0089,0.0131,0.0101,0.0027,0.0022,0.0009,0.0002,0,0.0188,0.0038,0.0019,0.0138,0.0031,0.0028
CC035,RL-22,UNC,367,0,5.86332286,4.161368002,13836000,0.449,0.421,0.392,0.0759,0.538,0.513,0.05,0.0179,0.014,0.711,0.193,0.0505,0.0225,0.436,0.132,0.0728,0.147,0.0788,0.0638,0.0444,0.0176,0.0232,0.0072,0.0014,0.0005,0.0017,0,0,0.0213,0.0043,0.0023,0.0142,0.0033,0.0041
CC035,RL-22,UNC,368,0,5.73239376,3.882714228,24108000,0.353,0.548,0.306,0.0581,0.636,0.426,0.0721,0.0177,0.01,0.626,0.164,0.0436,0.0162,0.268,0.0829,0.0492,0.127,0.0968,0.0523,0.0496,0.0252,0.0137,0.0065,0.01,0.0006,0.0013,0.0006,0.0003,0.0157,0.0063,0.0022,0.0131,0.0061,0.0025
CC035,RL-22,UNC,369,0,5.77815125,4.380211242,15540000,0.474,0.551,0.328,0.0563,0.515,0.537,0.0548,0.0131,0.0083,0.722,0.24,0.0494,0.022,0.363,0.115,0.0698,0.115,0.0871,0.0796,0.0528,0.017,0.0158,0.0119,0.0015,0.001,0.0013,0.0003,0,0.0157,0.0052,0.001,0.0116,0.0043,0.0014
CC035,RL-22,UNC,370,0,5.954242509,4.025305865,11593200,0.44,0.577,0.25,0.0861,0.549,0.58,0.0394,0.0106,0.0088,0.714,0.244,0.0441,0.0143,0.247,0.0933,0.04,0.132,0.0943,0.0762,0.053,0.0159,0.0065,0.0126,0.0006,0.0006,0.0008,0.0002,0,0.0141,0.0025,0.0004,0.0111,0.0021,0.0007
CC035,RL-22,UNC,371,0,5.903089987,4.929418926,13392000,0.482,0.585,0.287,0.0529,0.507,0.634,0.0486,0.0093,0.0049,0.782,0.24,0.0741,0.0191,0.352,0.153,0.0838,0.143,0.0975,0.0716,0.031,0.0171,0.0166,0.0052,0.0011,0.0012,0.0007,0,0,0.0106,0.0048,0.0014,0.0077,0.003,0.0018
CC035,RL-22,UNC,372,1,5.806179974,4.540746464,14928000,0.414,0.533,0.346,0.0325,0.57,0.67,0.052,0.0081,0.0034,0.841,0.299,0.044,0.018,0.5,0.177,0.0926,0.174,0.0957,0.0775,0.0705,0.0379,0.0205,0.0078,0.0021,0.0004,0.0012,0.0000766,0,0.0245,0.006,0.0019,0.0179,0.007,0.0031
CC035,RL-22,UNC,373,1,4.531478917,2.342422681,20580000,0.496,0.568,0.314,0.0481,0.493,0.382,0.0454,0.0195,0.0161,0.594,0.17,0.0308,0.0102,0.278,0.165,0.0918,0.145,0.0762,0.0503,0.0504,0.0249,0.0182,0.0114,0.0064,0.0006,0.0029,0.0001,0,0.0228,0.0058,0.0021,0.0157,0.005,0.0023
CC035,RL-22,UNC,374,1,5.201397124,3.711807229,11736000,0.506,0.461,0.41,0.0429,0.482,0.423,0.0565,0.0216,0.0121,0.668,0.104,0.0367,0.0278,0.237,0.0973,0.0612,0.0584,0.0818,0.0654,0.0225,0.0227,0.0175,0.0056,0.003,0.0007,0.0011,0.0001,0.0001,0.0045,0.0051,0.0027,0.0045,0.005,0.003
CC035,RL-22,UNC,375,1,4.51851394,3.643452676,15120000,0.416,0.599,0.288,0.0436,0.569,0.596,0.0608,0.0176,0.0121,0.771,0.286,0.0438,0.0238,0.386,0.102,0.0763,0.181,0.066,0.0593,0.0884,0.0444,0.0246,0.023,0.0069,0.0011,0.005,0.0009,0,0.0293,0.0072,0.0027,0.0193,0.0075,0.0022
CC035,RL-22,UNC,376,1,4.643452676,1.477121255,12612000,0.416,0.554,0.324,0.0421,0.567,0.48,0.0453,0.0084,0.0059,0.677,0.202,0.0665,0.0049,0.302,0.0938,0.0228,0.116,0.0567,0.0351,0.0392,0.0279,0.0081,0.0067,0.0039,0.0005,0.001,0.0007,0,0.0138,0.0053,0.0006,0.0105,0.0039,0.0009
CC044,RL-22,UNC,377,0,6.064457989,2.397940009,36600000,0.427,0.628,0.226,0.062,0.559,0.248,0.0653,0.0041,0.0013,0.774,0.142,0.0516,0.0135,0.12,0.0521,0.0295,0.0812,0.0584,0.0316,0.0262,0.0076,0.0012,0.0052,0.0016,0.0006,0.0004,0.0002,0,0.0072,0.0038,0.0004,0.0133,0.0058,0.0004
CC044,RL-22,UNC,378,0,5.716003344,3.744292983,12456000,0.55,0.623,0.218,0.0544,0.432,0.267,0.0463,0.0123,0.0054,0.827,0.164,0.0483,0.0169,0.185,0.118,0.061,0.0598,0.0329,0.0367,0.022,0.0114,0.0011,0.0114,0.0032,0.0016,0.0033,0.0014,0.0003,0.0058,0.0039,0.0004,0.0096,0.0049,0.0006
CC044,RL-22,UNC,379,0,5.414973348,2.742986833,12816000,0.52,0.706,0.182,0.0498,0.471,0.184,0.0648,0.0035,0.0011,0.702,0.0781,0.0492,0.0083,0.0945,0.0682,0.0045,0.0284,0.0485,0.0202,0.0117,0.0062,0.002,0.0016,0.0015,0.0004,0.0000715,0.0001,0,0.0015,0.0043,0,0.0036,0.0051,0.0008
CC044,RL-22,UNC,380,0,6.401400541,3.819543936,17076000,0.281,0.633,0.259,0.0395,0.706,0.228,0.0683,0.011,0.0043,0.698,0.116,0.0573,0.0176,0.182,0.0591,0.0539,0.0718,0.0484,0.0174,0.0367,0.0118,0.0081,0.0092,0.0024,0.0008,0.0024,0.0007,0,0.0073,0.0048,0.0000968,0.0178,0.0074,0.0014
CC044,RL-22,UNC,381,0,6.173186268,2.217483944,17172000,0.413,0.636,0.181,0.0899,0.568,0.24,0.0641,0.0124,0.0052,0.84,0.156,0.0711,0.0238,0.117,0.065,0.0625,0.0946,0.0726,0.0462,0.036,0.0155,0.0056,0.0132,0.005,0.0008,0.004,0.0016,0,0.0134,0.0054,0.0011,0.02,0.0094,0.003
CC044,RL-22,UNC,382,1,6.029383778,2.041392685,23700000,0.258,0.688,0.188,0.0569,0.73,0.287,0.0851,0.0101,0.0014,0.759,0.162,0.053,0.0215,0.116,0.0888,0.0155,0.139,0.0636,0.0372,0.0314,0.0094,0.0044,0.0065,0.0014,0.0008,0.0008,0,0,0.009,0.0029,0.0003,0.0199,0.005,0.0022
CC044,RL-22,UNC,383,1,5.743509765,2.574031268,35964000,0.308,0.628,0.219,0.0526,0.677,0.217,0.0665,0.0049,0.0013,0.749,0.0912,0.0312,0.0061,0.0744,0.0332,0.0291,0.0761,0.0438,0.0283,0.0218,0.0068,0.0045,0.003,0.0006,0,0.0002,0,0,0.0068,0.003,0.0007,0.0125,0.0042,0.002
CC044,RL-22,UNC,384,1,5.812913357,3.835690571,18756000,0.394,0.647,0.259,0.0362,0.596,0.206,0.0798,0.0058,0.0019,0.637,0.0953,0.0326,0.0099,0.0602,0.019,0.0079,0.127,0.0343,0.0269,0.0223,0.009,0.0069,0.0042,0.0018,0.0009,0.0008,0.0002,0.0000483,0.0061,0.0033,0.0006,0.0163,0.0052,0.0024
CC044,RL-22,UNC,385,1,5.968482949,1.698970004,13236000,0.395,0.682,0.205,0.0418,0.591,0.2,0.0565,0.0049,0.0013,0.618,0.111,0.032,0.0068,0.126,0.0699,0.0175,0.0739,0.0432,0.0332,0.0148,0.0042,0.0017,0.0027,0.0019,0.0002,0.0007,0.0003,0,0.0039,0.0018,0,0.0088,0.0027,0.0004
CC044,RL-22,UNC,386,1,5.79518459,4.194514342,34272000,0.335,0.705,0.175,0.0575,0.651,0.168,0.0672,0.0074,0.0026,0.514,0.0682,0.0135,0.0037,0.0904,0.0363,0.0068,0.0625,0.021,0.0176,0.0215,0.0019,0.0005,0.005,0.0011,0.0016,0.0004,0.0002,0,0.0023,0.0008,0,0.0082,0.0011,0
CC045,RL-22,UNC,387,0,5.875061263,5.322219295,9136800,0.504,0.406,0.46,0.0418,0.475,0.18,0.0478,0.005,0.0036,0.276,0.0417,0.01,0.0005,0.181,0.107,0.0487,0.0255,0.013,0.0079,0.0162,0.0035,0.0012,0.0058,0.0012,0.0007,0.0006,0,0,0.0017,0.0005,0,0.0046,0.0005,0.0002
CC045,RL-22,UNC,388,0,5.837588438,3.088726564,46272000,0.505,0.352,0.414,0.104,0.469,0.249,0.0697,0.0391,0.0395,0.414,0.116,0.0355,0.0158,0.211,0.104,0.0258,0.0829,0.0392,0.021,0.0293,0.0066,0.0013,0.0201,0.0054,0.0007,0.0037,0.0012,0,0.0183,0.0024,0.0007,0.0244,0.0042,0.0007
CC045,RL-22,UNC,389,0,5.857332496,3.67669361,15384000,0.404,0.353,0.426,0.0783,0.57,0.302,0.0732,0.0274,0.03,0.464,0.159,0.0644,0.0231,0.291,0.18,0.112,0.0839,0.0493,0.0163,0.0526,0.0169,0.0061,0.0233,0.0073,0.0023,0.0095,0.0029,0.001,0.0245,0.0082,0.0015,0.0311,0.0131,0.0025
CC045,RL-22,UNC,390,0,5.740362689,2.176091259,7282800,0.494,0.402,0.43,0.0699,0.486,0.202,0.0577,0.0354,0.0351,0.342,0.0912,0.0354,0.0158,0.194,0.119,0.0476,0.0546,0.0427,0.0152,0.023,0.006,0.0058,0.012,0.0067,0.0011,0.0044,0.0027,0.0002,0.0079,0.0033,0.0013,0.0139,0.0053,0.0017
CC045,RL-22,UNC,391,0,5.602059991,2.447158031,16272000,0.417,0.327,0.413,0.111,0.554,0.331,0.0893,0.0504,0.0508,0.544,0.223,0.0652,0.0309,0.222,0.082,0.0273,0.125,0.0505,0.0244,0.11,0.0207,0.0121,0.0362,0.0141,0.0051,0.015,0.0054,0.0008,0.0462,0.0109,0.0039,0.0662,0.0152,0.0076
CC045,RL-22,UNC,392,1,5.403692338,3.648360011,6999600,0.497,0.46,0.41,0.0441,0.486,0.2,0.0595,0.0051,0.0045,0.349,0.0879,0.007,0.0018,0.223,0.0945,0.0999,0.0497,0.0103,0.0071,0.0209,0.0031,0.0014,0.0025,0.0008,0.0006,0,0,0,0.0066,0.0005,0,0.0106,0.001,0.0001
CC045,RL-22,UNC,393,1,5.346352974,3.212187604,10149600,0.498,0.384,0.451,0.0679,0.479,0.212,0.0668,0.0153,0.0172,0.372,0.0869,0.0102,0.0021,0.208,0.0903,0.0925,0.0409,0.0145,0.0094,0.0173,0.0023,0.0005,0.0122,0.001,0.0005,0.0024,0,0,0.0041,0.0005,0.0001,0.0071,0.001,0.0004
CC045,RL-22,UNC,394,1,5.59439255,3.537819095,10820400,0.401,0.509,0.376,0.0457,0.583,0.211,0.0477,0.0063,0.0064,0.342,0.128,0.0186,0.0072,0.275,0.106,0.173,0.0859,0.0205,0.0114,0.0297,0.0034,0.0049,0.005,0.001,0.0017,0.0008,0.0002,0,0.0145,0.001,0.0000969,0.0186,0.0018,0.0011
CC045,RL-22,UNC,395,1,5.651278014,3.382017043,14568000,0.548,0.438,0.449,0.0483,0.436,0.124,0.0565,0.0053,0.0053,0.264,0.0593,0.0075,0.0043,0.248,0.0937,0.18,0.0417,0.0099,0.0074,0.0177,0.0015,0.0015,0.0034,0.0004,0.0005,0.0008,0,0,0.0056,0.0006,0,0.009,0.0009,0.0005
CC045,RL-22,UNC,396,1,5.698970004,2.301029996,9766800,0.47,0.409,0.448,0.0538,0.513,0.202,0.0554,0.0061,0.0066,0.362,0.115,0.0105,0.0062,0.245,0.119,0.115,0.0643,0.0141,0.014,0.0187,0.0023,0.0026,0.0044,0.0008,0.0007,0.0009,0.0002,0,0.0057,0.0007,0.0004,0.0086,0.0013,0.0007
C57BL/6,RL-22,Jax,397,0,5.968482949,5.318063335,18108000,0.571,0.48,0.4,0.0617,0.427,0.406,0.0225,0.0033,0.0056,0.473,0.257,0.0756,0.045,0.209,0.134,0.142,0.0807,0.044,0.0292,0.0482,0.0131,0.0063,0.0047,0.0017,0.0005,0.0006,0.0002,0.0000906,0.0206,0.0063,0.0011,0.0254,0.0085,0.0023
C57BL/6,RL-22,Jax,398,0,5.949390007,4.841984805,9534000,0.586,0.609,0.294,0.0388,0.412,0.851,0.0067,0.0014,0.0035,0.875,0.52,0.204,0.172,0.306,0.3,0.234,0.0891,0.0401,0.0202,0.0183,0.0057,0.0055,0.003,0.0013,0.0008,0.0002,0,0.0000504,0.007,0.0032,0.0008,0.01,0.004,0.0019
C57BL/6,RL-22,Jax,399,0,6.315970345,4.386201605,20076000,0.53,0.466,0.348,0.0973,0.466,0.754,0.0157,0.0025,0.0039,0.8,0.464,0.166,0.0947,0.465,0.323,0.255,0.145,0.0777,0.0474,0.0591,0.0165,0.007,0.0061,0.0025,0.0004,0.0005,0.0005,0,0.0283,0.0103,0.002,0.036,0.0126,0.0036
C57BL/6,RL-22,Jax,400,0,6,2.994170456,10971600,0.474,0.47,0.331,0.105,0.524,0.653,0.0164,0.0082,0.0103,0.724,0.384,0.122,0.0642,0.32,0.212,0.0936,0.142,0.066,0.042,0.0614,0.0262,0.0062,0.0098,0.0056,0.0021,0.0018,0.001,0,0.0286,0.0132,0.0005,0.0367,0.0182,0.0024
C57BL/6,RL-22,Jax,401,0,5.726998728,4.006466042,21360000,0.472,0.535,0.324,0.0749,0.526,0.539,0.0199,0.003,0.0047,0.606,0.281,0.0937,0.0191,0.251,0.126,0.0373,0.117,0.0487,0.0229,0.0337,0.012,0.0015,0.0049,0.0036,0.0001,0.0005,0.0002,0,0.0187,0.0062,0,0.023,0.0077,0.0002
C57BL/6,RL-22,Jax,402,1,4.934498451,3.976197085,22440000,0.416,0.534,0.349,0.0616,0.583,0.444,0.0231,0.0162,0.021,0.55,0.233,0.0956,0.0062,0.195,0.148,0.0729,0.0704,0.0789,0.0206,0.0408,0.0232,0.0015,0.0177,0.0163,0.0006,0.0049,0.006,0.0000886,0.0115,0.0149,0.0000886,0.015,0.0182,0.0003
C57BL/6,RL-22,Jax,403,1,4.806179974,2.505149978,6646800,0.452,0.521,0.365,0.065,0.547,0.301,0.0218,0.0072,0.0048,0.367,0.153,0.0426,0.0092,0.176,0.115,0.0943,0.0781,0.0307,0.0157,0.0266,0.009,0.0014,0.0058,0.0016,0.0005,0.0006,0.0002,0,0.0122,0.0049,0.0001,0.0163,0.0063,0.0005
C57BL/6,RL-22,Jax,404,1,5.408239965,2.810680475,48876000,0.38,0.475,0.425,0.045,0.619,0.407,0.0359,0.0041,0.0038,0.509,0.291,0.0992,0.0484,0.164,0.0965,0.0579,0.103,0.0253,0.0144,0.0377,0.0093,0.0029,0.0063,0.001,0.0003,0.0001,0,0,0.0128,0.0035,0.0002,0.0192,0.0051,0.0005
C57BL/6,RL-22,Jax,405,1,5.459392488,1.77815125,23136000,0.376,0.468,0.385,0.0723,0.623,0.545,0.028,0.0135,0.0162,0.65,0.252,0.0679,0.0255,0.163,0.0627,0.0487,0.113,0.0407,0.0169,0.0471,0.0098,0.004,0.0148,0.0056,0.0014,0.0026,0.0015,0.0003,0.0184,0.0048,0.0004,0.0283,0.0072,0.0012
C57BL/6,RL-22,Jax,406,1,5.089905111,3.212187604,13236000,0.431,0.514,0.354,0.0751,0.567,0.378,0.027,0.0063,0.0052,0.462,0.175,0.046,0.0101,0.164,0.126,0.114,0.101,0.0384,0.0122,0.0412,0.0097,0.0024,0.0097,0.0018,0.0006,0.001,0.0002,0,0.0187,0.0054,0.0006,0.0246,0.0066,0.0008
,,,,,,,,,,,,,,,,,,,,,,,,,,,,,,,,,,,,,,,,,
CC026,RL-25,UNC,407,0,6.716003344,3.305351369,16272000,0.448,0.46,0.414,0.0387,0.537,0.401,0.0598,0.0235,0.0009,0.597,0.218,0.0522,0.0242,0.082,0.0046,0.0034,0.184,0.0981,0.0476,0.0441,0.0263,0.016,0.0065,0.0027,0.0016,0.0026,0.0009,0,0.0249,0.0061,0.0021,0.0097,0.0011,0.0002
CC026,RL-25,UNC,408,0,6.555497506,3.916453949,16344000,0.473,0.499,0.362,0.0403,0.513,0.506,0.0545,0.0344,0.0011,0.675,0.28,0.0367,0.0246,0.0753,0.0239,0.0146,0.18,0.111,0.0836,0.0414,0.0282,0.0184,0.0044,0.0037,0.0013,0.0026,0.0004,0.0002,0.019,0.0064,0.0038,0.0055,0.0024,0.0009
CC026,RL-25,UNC,409,0,6.269512944,3.983776588,17112000,0.413,0.404,0.431,0.0542,0.565,0.512,0.0651,0.0389,0.0015,0.71,0.206,0.0522,0.0228,0.119,0.0112,0.0035,0.119,0.0856,0.0556,0.0323,0.0169,0.0138,0.0031,0.0016,0.0007,0.0019,0.0004,0,0.0163,0.0049,0.0014,0.0067,0.001,0.0004
CC026,RL-25,UNC,410,0,6.514990233,4.736396502,29316000,0.381,0.304,0.507,0.0534,0.6,0.666,0.0758,0.0625,0.0021,0.879,0.325,0.0716,0.0343,0.17,0.0053,0.0028,0.177,0.134,0.126,0.0423,0.0232,0.0317,0.0038,0.001,0.0009,0.0035,0,0,0.0204,0.0058,0.0035,0.005,0,0.0006
CC026,RL-25,UNC,411,0,6.435632049,4.618048097,20316000,0.414,0.434,0.384,0.0546,0.57,0.378,0.078,0.0337,0.0011,0.621,0.14,0.0283,0.0167,0.0431,0.0044,0.0051,0.111,0.0713,0.0446,0.0219,0.0126,0.0024,0.0034,0.0011,0.0003,0.0014,0.0001,0,0.0097,0.0023,0.0003,0.0051,0.0007,0
CC026,RL-25,UNC,412,1,5.193124598,2.06069784,16812000,0.391,0.573,0.261,0.0473,0.584,0.549,0.0611,0.0328,0.0008,0.769,0.331,0.029,0.0223,0.0702,0.0306,0.0232,0.231,0.0838,0.0581,0.0713,0.007,0.0029,0.0047,0.0008,0.0002,0.003,0,0,0.0429,0.0018,0.0007,0.0205,0.0007,0.0002
CC026,RL-25,UNC,413,1,5.477121255,3.22184875,17988000,0.461,0.498,0.308,0.0403,0.515,0.503,0.0526,0.0508,0.0022,0.754,0.341,0.052,0.0407,0.0772,0.0101,0.0097,0.235,0.12,0.0583,0.0401,0.0061,0.0066,0.0042,0.0004,0.0047,0.0022,0,0.0003,0.0253,0.0034,0.0025,0.0097,0.0007,0.0006
CC026,RL-25,UNC,414,1,5.740362689,1.602059991,10011600,0.425,0.476,0.366,0.0278,0.556,0.501,0.0597,0.0284,0.0008,0.706,0.32,0.0373,0.0396,0.0608,0.0416,0.0212,0.12,0.0898,0.0589,0.0449,0.0062,0.007,0.0045,0.0009,0.001,0.001,0,0,0.0199,0.002,0.004,0.0057,0.0006,0.0015
CC026,RL-25,UNC,415,1,5.346352974,2.146128036,22176000,0.358,0.629,0.237,0.0422,0.622,0.545,0.0572,0.023,0.0024,0.756,0.359,0.0358,0.0317,0.0695,0.0132,0.0033,0.244,0.148,0.149,0.053,0.0143,0.0291,0.0046,0.0025,0.0052,0.0019,0,0.0004,0.0328,0.0022,0.0028,0.0128,0.0006,0.0009
CC026,RL-25,UNC,416,1,5.505149978,2.176091259,21696000,0.391,0.624,0.242,0.0312,0.586,0.536,0.0574,0.0283,0.0008,0.752,0.375,0.0597,0.0535,0.116,0.0096,0.01,0.269,0.132,0.118,0.0844,0.027,0.0243,0.007,0.0029,0.0012,0.0032,0.0009,0.0002,0.056,0.0093,0.011,0.0206,0.0039,0.0047
CC042,RL-25,UNC,417,0,6.886490725,5.361727836,12396000,0.193,0.728,0.143,0.079,0.8,0.172,0.0207,0.0172,0.0004,0.0021,0.0167,0.0097,0.0018,0.0043,0.0447,0.0157,0.0281,0.0135,0.0147,0.0114,0.0051,0.0035,0.0013,0.0008,0.0011,0,0,0,0.0009,0.0003,0.0000834,0.0003,0.0000973,0
CC042,RL-25,UNC,418,0,6.73239376,4.190331698,7966800,0.31,0.668,0.169,0.0854,0.68,0.195,0.0221,0.0332,0.0041,0.0115,0.0138,0.0135,0.0033,0.0111,0.0348,0.0093,0.0235,0.0422,0.01,0.0078,0.0064,0.0003,0.0012,0.0013,0.0007,0.0000699,0,0,0.0004,0.001,0,0.0001,0,0
CC042,RL-25,UNC,419,0,6.217483944,5.342422681,12048000,0.211,0.706,0.134,0.0939,0.78,0.242,0.0254,0.0312,0.0013,0.0055,0.0139,0.0074,0.0019,0.123,0.102,0.0215,0.0254,0.0271,0.0081,0.004,0.0046,0.0013,0.0009,0.0012,0.0012,0,0,0,0.0004,0.0002,0,0,0,0
CC042,RL-25,UNC,420,0,7,5.662757832,20784000,0.165,0.614,0.147,0.144,0.826,0.291,0.0344,0.0308,0.0012,0.0059,0.0385,0.0157,0.0058,0.23,0.141,0.0933,0.05,0.0284,0.0246,0.0043,0.004,0.0004,0.002,0.0002,0.0008,0,0,0,0.0009,0.0007,0,0,0,0
CC042,RL-25,UNC,421,0,6.949390007,5.544068044,9388800,0.244,0.695,0.134,0.102,0.749,0.24,0.0312,0.0389,0.0004,0.0039,0.0127,0.0056,0.0015,0.133,0.1,0.0371,0.0223,0.0148,0.0076,0.0039,0.0013,0.0008,0.0012,0.0009,0.0007,0,0,0,0.0004,0,0,0.0006,0,0
CC042,RL-25,UNC,422,1,6.447158031,3.431363764,20652000,0.285,0.604,0.119,0.165,0.704,0.23,0.0278,0.0577,0.0012,0.0073,0.0277,0.0211,0.004,0.112,0.0744,0.0984,0.0334,0.022,0.0141,0.0043,0.0031,0.0028,0.0025,0.0009,0.0016,0,0,0,0.0005,0.0007,0.0002,0.0003,0.0003,0
CC042,RL-25,UNC,423,1,5.913813852,3.238046103,16896000,0.273,0.676,0.156,0.0781,0.717,0.188,0.0245,0.201,0.0124,0.0154,0.0211,0.0201,0.0025,0.0501,0.0644,0.0229,0.0568,0.0706,0.0217,0.0106,0.0148,0.0075,0.012,0.0041,0.0014,0.0018,0.0002,0.0000951,0.0013,0.0017,0.0002,0.0008,0.0006,0
CC042,RL-25,UNC,424,1,6.225309282,4.822821645,9609600,0.212,0.654,0.159,0.091,0.778,0.278,0.0319,0.0573,0.0014,0.0071,0.0242,0.0208,0.01,0.0801,0.181,0.0564,0.0402,0.0475,0.0452,0.0057,0.005,0.0098,0.0018,0.0012,0.0009,0,0.0002,0,0.0014,0.0008,0.0019,0.0005,0,0.0002
CC042,RL-25,UNC,425,1,6.243038049,3.835690571,18456000,0.222,0.688,0.148,0.0621,0.768,0.2,0.0302,0.097,0.0075,0.0068,0.0379,0.0228,0.0034,0.164,0.242,0.0661,0.0536,0.0291,0.0305,0.0102,0.0043,0.0069,0.0042,0.0011,0.0012,0.0007,0.0000805,0,0.0016,0.0008,0.0006,0.0004,0.0000805,0.000091
CC042,RL-25,UNC,426,1,6.100370545,4.156347201,17772000,0.228,0.695,0.16,0.0547,0.76,0.241,0.0298,0.122,0.0087,0.0096,0.0322,0.0356,0.006,0.211,0.447,0.125,0.0361,0.0509,0.0343,0.0082,0.0062,0.0056,0.0046,0.0016,0.0013,0.0003,0.0002,0,0.001,0.0016,0.0002,0.0001,0.0002,0
CC042,RL-25,Umass,427,0,6.096910013,3.736396502,13080000,0.196,0.641,0.105,0.169,0.792,0.18,0.039,0.0491,0.0021,0.009,0.0553,0.0292,0.0046,0.0542,0.0559,0.0365,0.0338,0.0415,0.011,0.0184,0.0084,0.0038,0.0026,0.0016,0.0013,0.0004,0,0,0.003,0.0019,0,0,0.0002,0
CC042,RL-25,Umass,428,0,6.672097858,4.477121255,14976000,0.157,0.609,0.105,0.179,0.831,0.331,0.0289,0.048,0.0033,0.0091,0.057,0.0364,0.0025,0.171,0.161,0.0861,0.039,0.0325,0.008,0.0067,0.0046,0.0008,0.0034,0.0015,0.0003,0.0002,0,0,0.0023,0.0005,0,0.0008,0.0002,0
CC042,RL-25,Umass,429,0,6.86923172,5.070037867,8008800,0.178,0.593,0.169,0.125,0.811,0.321,0.023,0.047,0.0022,0.0072,0.0532,0.0337,0.0068,0.0562,0.23,0.101,0.0398,0.0348,0.0111,0.0055,0.009,0.0018,0.0035,0.0005,0.0018,0,0,0,0.0005,0,0,0.0005,0,0
CC042,RL-25,Umass,430,0,6.69019608,5.462397998,10912800,0.264,0.704,0.108,0.117,0.724,0.236,0.0171,0.0341,0.0017,0.0048,0.0211,0.0261,0.0027,0.114,0.0574,0.0522,0.0158,0.0297,0.0119,0.0033,0.0031,0.0021,0.0038,0.0013,0.0019,0,0,0,0.0002,0.0001,0,0,0,0
CC042,RL-25,Umass,431,0,7.086359831,4.703291378,13272000,0.204,0.7,0.111,0.124,0.784,0.163,0.022,0.0271,0.0012,0.0029,0.0237,0.0185,0.005,0.0708,0.0501,0.0425,0.0317,0.0426,0.0365,0.006,0.0061,0.0043,0.0027,0.0015,0.0014,0.0002,0,0,0.0008,0.0007,0.0002,0.0007,0,0
CC042,RL-25,Umass,432,1,6.201397124,4.568201724,16560000,0.217,0.713,0.105,0.11,0.771,0.285,0.0309,0.0597,0.0033,0.0098,0.0339,0.0388,0.0075,0.0886,0.104,0.0804,0.0501,0.0677,0.0436,0.0105,0.0139,0.0073,0.0033,0.0008,0.0006,0,0.0003,0,0.0023,0.0018,0.0004,0.001,0.0003,0.0002
CC042,RL-25,Umass,433,1,5.187520721,3.763427994,6354000,0.28,0.765,0.113,0.0682,0.704,0.258,0.0266,0.188,0.0158,0.0086,0.0259,0.0211,0.0021,0.043,0.0382,0.0042,0.0602,0.0663,0.0297,0.0132,0.0084,0.0065,0.0099,0.0038,0.0024,0.0026,0.0004,0.0001,0.0024,0.0017,0.0001,0.0011,0.0004,0.0001
CC042,RL-25,Umass,434,1,6.086359831,4.462397998,20304000,0.259,0.684,0.145,0.102,0.729,0.22,0.0285,0.049,0.0031,0.0048,0.0326,0.0236,0.0047,0.078,0.0931,0.0703,0.0362,0.0402,0.031,0.009,0.0046,0.0066,0.0023,0.0015,0.0015,0.0002,0,0,0.0013,0.0009,0.0002,0.0004,0.0002,0.0002
CC042,RL-25,Umass,435,1,5.857332496,4.698970004,23292000,0.25,0.682,0.135,0.0786,0.742,0.221,0.0352,0.0425,0.0011,0.0065,0.0188,0.0142,0.0032,0.0659,0.129,0.0459,0.0402,0.0328,0.0244,0.0067,0.0032,0.0018,0.0015,0.0005,0.0009,0.0001,0,0,0.0007,0.0005,0.0001,0.0003,0.0002,0
CC042,RL-25,Umass,436,1,5.281033367,4.531478917,13728000,0.285,0.78,0.104,0.0567,0.698,0.347,0.0199,0.185,0.0156,0.0136,0.0354,0.0297,0.0016,0.0415,0.081,0.0372,0.0511,0.0349,0.0099,0.0117,0.0065,0.0011,0.0111,0.004,0.0016,0.0025,0.0019,0,0.0032,0.0027,0,0.001,0.0008,0
C57BL/6,RL-25,Jax,437,0,,5.491361694,25992000,0.515,0.42,0.419,0.066,0.446,0.557,0.0454,0.0151,0.0009,0.677,0.314,0.129,0.0647,0.0839,0.0686,0.0378,0.0682,0.0308,0.0143,0.0267,0.0103,0.001,0.0046,0.0016,0.001,0.0013,0.0005,0.0001,0.0129,0.0062,0.0004,0.0058,0.0025,0.0002
C57BL/6,RL-25,Jax,438,0,6.467361417,3.934498451,30648000,0.385,0.498,0.328,0.0798,0.563,0.568,0.0344,0.0287,0.0026,0.675,0.355,0.145,0.052,0.115,0.0914,0.0868,0.121,0.0775,0.0252,0.0631,0.0308,0.0021,0.0109,0.0047,0.001,0.005,0.0031,0.0000455,0.0322,0.0203,0.0014,0.0173,0.0118,0.0006
C57BL/6,RL-25,Jax,439,0,6.230448921,5.118925753,18360000,0.415,0.524,0.341,0.044,0.529,0.731,0.0153,0.0087,0.0011,0.796,0.504,0.217,0.0823,0.31,0.127,0.157,0.191,0.0989,0.0506,0.0638,0.028,0.0045,0.0076,0.0028,0.0009,0.0048,0.0014,0.0002,0.0404,0.0186,0.0012,0.0221,0.0107,0.0007
C57BL/6,RL-25,Jax,440,0,6.934498451,6.025305865,17304000,0.354,0.435,0.405,0.0595,0.611,0.625,0.0259,0.0131,0.0011,0.725,0.429,0.24,0.142,0.219,0.136,0.132,0.144,0.0729,0.0418,0.0461,0.0154,0.0058,0.0095,0.0022,0.0017,0.0041,0.0008,0.0003,0.0261,0.0069,0.0017,0.0143,0.0026,0.0006
C57BL/6,RL-25,Jax,441,0,6.021189299,5.146128036,23376000,0.357,0.544,0.318,0.0476,0.589,0.659,0.0224,0.0182,0.0021,0.749,0.491,0.21,0.0858,0.256,0.157,0.0972,0.177,0.113,0.0624,0.0946,0.0404,0.0045,0.0113,0.0042,0.0013,0.0054,0.0028,0.0001,0.0567,0.0293,0.0019,0.0305,0.0186,0.001
C57BL/6,RL-25,Jax,442,1,5.31386722,2.744292983,19104000,0.337,0.649,0.209,0.0449,0.615,0.58,0.0671,0.0698,0.0052,0.779,0.42,0.196,0.134,0.206,0.0916,0.13,0.182,0.0887,0.0698,0.079,0.0307,0.0133,0.032,0.0094,0.0062,0.0117,0.0053,0.0022,0.0426,0.0197,0.0089,0.0245,0.0119,0.0056
C57BL/6,RL-25,Jax,443,1,5.123851641,3.113943352,19068000,0.34,0.543,0.314,0.0611,0.626,0.462,0.0449,0.0471,0.0034,0.616,0.301,0.11,0.0461,0.114,0.0473,0.0502,0.154,0.0617,0.0303,0.0675,0.022,0.0058,0.0207,0.0047,0.0025,0.0091,0.0024,0.0011,0.0372,0.0134,0.004,0.0226,0.0068,0.0023
C57BL/6,RL-25,Jax,444,1,5.575187845,2.892094603,16824000,0.367,0.528,0.327,0.061,0.598,0.489,0.0438,0.0281,0.0018,0.632,0.284,0.096,0.0202,0.11,0.0346,0.0311,0.136,0.0393,0.0024,0.0543,0.0159,0.001,0.0142,0.0016,0.0005,0.0046,0.0003,0.0005,0.0293,0.0092,0.0002,0.019,0.0038,0.0002
C57BL/6,RL-25,Jax,445,1,5.240549248,4.290034611,24708000,0.318,0.538,0.319,0.0578,0.652,0.559,0.0307,0.0289,0.0016,0.715,0.383,0.12,0.0378,0.185,0.0713,0.0722,0.165,0.0393,0.0115,0.0578,0.0148,0.0013,0.0157,0.0025,0.0005,0.0059,0.0012,0.0000523,0.0366,0.0092,0.0009,0.0205,0.0047,0.0005
C57BL/6,RL-25,Jax,446,1,5.857332496,3.431363764,18276000,0.341,0.536,0.303,0.0521,0.623,0.519,0.0453,0.0124,0.0006,0.637,0.341,0.0909,0.0333,0.135,0.0452,0.0271,0.127,0.0141,0.0038,0.0434,0.0036,0.0001,0.0071,0.0004,0.0003,0.0027,0.0002,0.000056,0.0239,0.0015,0,0.0149,0.0008,0
,,,,,,,,,,,,,,,,,,,,,,,,,,,,,,,,,,,,,,,,,
CC040,RL-29,UNC,490,0,8.127104798,3.763427994,26976000,0.123,0.503,0.154,0.243,0.868,0.194,0.142,0.0072,0.0012,0.687,0.204,0.0577,0.0549,0.107,0.0106,0.0343,0.235,0.109,0.0963,0.0253,0.0055,0.0017,0.018,0.0077,0.0078,0.0044,0.0027,0,0.0175,0.0049,0.0006,0.0297,0.0093,0.005
CC040,RL-29,UNC,491,0,6.45331834,3.544068044,16716000,0.227,0.582,0.145,0.203,0.747,0.504,0.0425,0.0181,0.0242,0.785,0.375,0.142,0.0931,0.0886,0.0359,0.0378,0.283,0.195,0.131,0.0303,0.0162,0.0022,0.0145,0.0088,0.0095,0.0052,0.0045,0.0011,0.022,0.0149,0.0018,0.0377,0.0188,0.007
CC040,RL-29,UNC,492,0,7.632457292,4.515873844,25860000,0.0994,0.444,0.265,0.195,0.887,0.467,0.0668,0.0097,0.01,0.783,0.389,0.191,0.181,0.0759,0.0602,0.0612,0.272,0.173,0.219,0.0279,0.0123,0.0022,0.019,0.0123,0.0148,0.0068,0.0047,0.0015,0.0195,0.01,0.0015,0.0321,0.0287,0.0155
CC040,RL-29,UNC,493,0,7.42975228,4.477121255,19644000,0.0792,0.604,0.131,0.186,0.915,0.179,0.147,0.0163,0.0063,0.679,0.189,0.0523,0.0328,0.074,0.0325,0.0334,0.277,0.157,0.0789,0.0709,0.0145,0.0048,0.0297,0.007,0.0044,0.0063,0.0005,0,0.038,0.0103,0.0028,0.0728,0.0206,0.008
CC040,RL-29,UNC,494,0,7.127104798,2.942834494,26914800,0.0636,0.254,0.0939,0.512,0.931,0.199,0.125,0.0507,0.0158,0.857,0.113,0.0392,0.0191,0.012,0.0119,0,0.278,0.245,0.16,0.0419,0.0294,0.0076,0.0517,0.0245,0.0076,0,0.0049,0,0.0197,0.0098,0.0038,0.0493,0.0245,0.0076
CC040,RL-29,UNC,495,1,7.62324929,2.322219295,21660000,0.159,0.506,0.246,0.186,0.827,0.228,0.0486,0.0134,0.0075,0.582,0.135,0.0469,0.033,0.035,0.0093,0.0166,0.22,0.0884,0.0647,0.024,0.0055,0.0011,0.0193,0.0045,0.0035,0.005,0.0003,0.0007,0.0093,0.0045,0.0007,0.0228,0.0079,0.0035
CC040,RL-29,UNC,496,1,8.120573931,2.795880017,10250400,0.0866,0.51,0.255,0.172,0.905,0.211,0.196,0.0172,0.0041,0.646,0.141,0.0353,0.0376,0.116,0.0551,0.0493,0.193,0.0881,0.0584,0.0232,0.0042,0.0007,0.0244,0.0057,0.0042,0.004,0.0005,0.0007,0.0102,0.0033,0.0007,0.021,0.0047,0.0014
CC040,RL-29,UNC,497,1,8.176091259,2.716003344,16308000,0.0933,0.566,0.189,0.181,0.895,0.479,0.069,0.0097,0.0099,0.776,0.404,0.163,0.124,0.155,0.0647,0.0776,0.286,0.145,0.103,0.017,0.0076,0.0015,0.0152,0.0113,0.006,0.0049,0.0047,0.0004,0.0097,0.0065,0.0011,0.0182,0.0098,0.0034
CC040,RL-29,UNC,498,1,7.08278537,2.809559715,8295600,0.371,0.224,0.14,0.0657,0.621,0.135,0.0846,0.0258,0.0064,0.667,0.0408,0.0166,0.005,0.0092,0.0044,0,0.109,0.0698,0.0392,0.0121,0.0041,0.0032,0.0242,0.0069,0.0109,0.0017,0,0,0.0035,0.0014,0.0014,0.0161,0.0076,0.0068
CC040,RL-29,UNC,499,1,7.146128036,2.922552467,16248000,0.0803,0.484,0.264,0.134,0.908,0.239,0.237,0.0186,0.0042,0.718,0.152,0.0421,0.0119,0.105,0.028,0.0487,0.17,0.114,0.106,0.054,0.0062,0.0016,0.0334,0.0069,0.0051,0.0046,0.0015,0,0.0284,0.0033,0.0003,0.0536,0.012,0.0048
C57BL/6,RL-29,Jax,500,0,5.73239376,3.908485019,10006800,0.566,0.45,0.384,0.128,0.417,0.41,0.0425,0.0145,0.0084,0.565,0.273,0.0546,0.033,0.0742,0.0132,0.0129,0.161,0.0558,0.0438,0.0206,0.004,0.0015,0.0184,0.0174,0.0143,0.0062,0.0023,0.0009,0.0125,0.0031,0.0013,0.0288,0.0101,0.0066
C57BL/6,RL-29,Jax,501,0,6.294466226,5.216165902,15540000,0.478,0.429,0.347,0.143,0.491,0.608,0.0345,0.0099,0.0147,0.708,0.443,0.115,0.0537,0.191,0.04,0.0382,0.22,0.1,0.0422,0.0369,0.0109,0.0024,0.0169,0.0087,0.0064,0.0095,0.0028,0.001,0.0274,0.0098,0.0018,0.0537,0.0223,0.0155
C57BL/6,RL-29,Jax,502,0,6.200485698,4.681241237,11398800,0.542,0.535,0.329,0.102,0.425,0.596,0.0271,0.0103,0.0117,0.69,0.427,0.117,0.0815,0.185,0.0321,0.0444,0.231,0.103,0.0792,0.0356,0.015,0.0033,0.022,0.0104,0.011,0.0125,0.0041,0.0018,0.0264,0.0137,0.0028,0.0492,0.0245,0.0104
C57BL/6,RL-29,Jax,503,0,5.851258349,5.021189299,10908000,0.471,0.493,0.379,0.0963,0.495,0.618,0.0308,0.0089,0.0102,0.734,0.424,0.115,0.0757,0.224,0.0507,0.0539,0.226,0.093,0.0596,0.0288,0.007,0.0025,0.0212,0.0066,0.0043,0.0104,0.0032,0.0006,0.0209,0.0062,0.0019,0.0451,0.0145,0.0138
C57BL/6,RL-29,Jax,504,0,5.72427587,4.264030344,9224400,0.48,0.468,0.376,0.124,0.493,0.503,0.0454,0.0154,0.013,0.623,0.371,0.0601,0.0505,0.194,0.0294,0.0458,0.239,0.0532,0.0509,0.0522,0.0109,0.0031,0.0155,0.0053,0.0042,0.0086,0.002,0.0005,0.038,0.0095,0.0026,0.0668,0.0171,0.0077
C57BL/6,RL-29,Jax,505,1,5.693140461,3.873126764,9046800,0.52,0.485,0.367,0.0858,0.456,0.392,0.0342,0.031,0.0271,0.504,0.275,0.0556,0.0248,0.0873,0.0242,0.02,0.145,0.041,0.0378,0.0115,0.0031,0.0012,0.0201,0.0134,0.0154,0.0047,0.0015,0.0006,0.0101,0.0031,0.0009,0.0212,0.0073,0.0048
C57BL/6,RL-29,Jax,506,1,5.08278537,4.06694679,20640000,0.417,0.473,0.357,0.127,0.561,0.396,0.0599,0.0539,0.0261,0.641,0.272,0.038,0.0358,0.0872,0.0112,0.0135,0.238,0.0554,0.072,0.0556,0.0051,0.005,0.0506,0.013,0.0223,0.0248,0.0048,0.0037,0.0369,0.0038,0.004,0.0741,0.0103,0.0128
C57BL/6,RL-29,Jax,507,1,5.712649702,4.272615061,17076000,0.44,0.504,0.325,0.135,0.529,0.54,0.0496,0.0184,0.0152,0.7,0.353,0.0748,0.0498,0.121,0.0184,0.0281,0.197,0.0629,0.0597,0.0308,0.0035,0.0003,0.0168,0.0098,0.0082,0.0068,0.0019,0.0011,0.0209,0.0026,0.0002,0.0443,0.0154,0.005
C57BL/6,RL-29,Jax,508,1,5.54241043,4.312459457,15804000,0.417,0.516,0.353,0.0979,0.558,0.466,0.0482,0.0229,0.0106,0.656,0.336,0.0511,0.055,0.137,0.0139,0.023,0.195,0.0605,0.0702,0.0539,0.0056,0.0063,0.0274,0.0106,0.0095,0.0126,0.0016,0.0011,0.0331,0.0049,0.0054,0.063,0.0101,0.0209
C57BL/6,RL-29,Jax,509,1,5.354108439,3.039414119,15792000,0.374,0.5,0.348,0.121,0.603,0.409,0.0531,0.0146,0.0095,0.562,0.23,0.0259,0.0177,0.0541,0.0016,0.0055,0.17,0.0433,0.0374,0.0277,0.0024,0.0012,0.0135,0.0048,0.0081,0.006,0.0012,0.0007,0.018,0.0021,0.001,0.0359,0.0033,0.0051
